date,murder,attempted_murder,accessory_murder,manslaughter,assault_domestic,assault_nondomestic,assault_police,assault_sexual,sexual_other,abduction,robbery_unarmed,robbery_gun,robbery_nogun,blackmail,stalking,offence_against_person,be_dwelling,be_nondwelling,handling_stolen,theft_car,theft_incar,theft_store,theft_dwelling,theft_person,theft_stock,fraud,theft_other,arson,damage,possession_cocaine,possession_narcotics,possession_cannibis,possession_amphetamines,possession_ecstasy,possession_other,dealing_cocaine,dealing_narcotics,dealing_cannabis,dealing_amphetamines,dealing_ecstasy,dealing_other,cultivating_cannabis,manufacture_drug,importing_drugs,drug_other,weapons_offence,trespass,offensive_conduct,offensive_language,criminal_intent,gaming_offence,drink_offence,porn_offence,prostitution_offence,escape_custody,breach_avo,breach_bail,fail_to_appear,resist_officer,against_justice,transport_offence,other
1/1/1995,9,1,0,0,613,2414,195,235,394,15,413,84,178,1,346,96,4988,3629,418,3857,4447,1658,2298,826,74,1257,3913,268,6178,8,109,663,51,3,25,3,21,58,27,0,6,343,0,1,179,275,252,317,536,167,3,67,2,49,36,267,135,141,397,300,40,596
2/1/1995,11,3,2,2,591,2277,177,157,345,16,333,60,105,2,336,69,4110,2981,438,3694,4485,1713,1960,715,59,1229,3552,198,5351,9,84,737,86,6,23,6,42,121,50,1,9,349,1,0,192,283,235,264,469,138,3,72,3,17,29,240,115,143,347,294,57,516
3/1/1995,10,4,0,1,625,2381,181,199,434,23,366,58,122,2,436,81,4951,3369,541,4134,4468,1901,2061,764,83,1637,3960,209,5752,13,139,948,80,4,23,6,90,162,34,1,8,339,1,1,206,329,225,275,480,133,6,99,4,35,34,292,144,135,338,387,57,560
4/1/1995,11,6,0,2,638,2158,177,188,333,22,363,70,129,1,423,84,4656,3202,475,3583,3953,1734,1846,740,58,1541,3446,252,5529,16,102,919,61,2,27,5,37,172,22,2,4,236,0,2,195,357,242,247,425,149,8,101,1,52,24,285,131,121,322,304,53,492
5/1/1995,7,5,2,1,602,2127,131,148,342,14,358,68,153,3,478,72,4855,3343,521,3833,3873,2086,2029,859,79,1325,3811,231,5739,16,110,849,57,2,36,13,61,113,20,2,13,136,0,1,206,300,248,219,383,152,4,87,3,35,23,286,139,158,289,384,86,616
6/1/1995,10,1,0,0,608,2136,146,160,314,13,319,83,120,1,533,72,4932,3181,597,3643,4292,1935,1953,817,80,1323,3575,229,5610,6,115,835,91,1,15,5,76,122,35,2,12,130,3,0,217,346,227,219,357,139,7,68,3,28,20,296,123,173,282,329,66,544
7/1/1995,8,5,0,1,639,2136,154,174,272,19,361,55,153,0,521,83,4967,3435,522,3812,4419,1963,2094,740,86,1408,3674,280,6226,21,108,709,70,5,22,14,81,77,19,3,5,116,0,0,184,392,221,216,324,146,5,58,1,31,26,300,121,158,281,357,84,586
8/1/1995,14,1,1,0,741,2322,119,229,428,23,335,67,159,2,622,61,5524,3431,584,3938,4839,1933,2196,792,73,1648,3953,304,5789,14,107,704,70,4,22,7,64,93,23,2,5,176,1,3,240,348,240,197,331,136,2,81,6,35,30,340,123,192,217,365,87,660
9/1/1995,10,6,0,1,714,2407,135,218,359,13,360,47,152,3,618,75,5569,3437,596,4068,5078,1988,2113,782,73,1536,3784,273,6161,7,103,668,69,3,24,1,77,75,23,1,7,181,0,0,156,304,252,228,345,138,3,109,3,31,28,318,141,160,305,394,53,603
10/1/1995,9,9,1,0,830,2605,148,196,391,21,412,51,215,1,583,89,5721,3607,614,4319,5503,1971,2348,918,69,1917,4243,329,6867,10,119,649,63,9,22,6,62,85,23,6,8,227,2,2,170,308,252,216,357,152,4,99,1,50,39,343,168,174,254,385,52,547
11/1/1995,10,9,0,1,851,2560,130,235,397,37,410,60,208,2,642,66,5137,3406,502,4197,5302,2032,2110,920,82,1652,3924,269,6059,9,107,708,43,5,17,5,64,65,16,3,4,270,0,0,177,377,247,226,356,157,2,109,1,29,36,376,162,178,295,390,49,575
12/1/1995,14,10,0,0,948,2953,185,209,427,12,432,78,221,1,524,85,5589,3361,499,3937,5189,2036,2207,876,72,1586,4003,332,6474,11,98,725,55,6,18,4,60,87,22,5,2,317,2,1,188,304,303,302,502,158,5,127,2,19,35,386,144,163,385,391,62,624
1/1/1996,11,3,0,0,1019,2707,185,325,468,18,403,89,170,2,689,73,6107,3537,646,4052,5406,1838,2503,807,64,1967,4351,316,6493,12,112,815,66,3,29,7,58,198,27,3,8,430,1,0,218,350,330,285,519,157,5,86,1,30,32,442,184,221,364,481,75,702
2/1/1996,9,6,0,0,897,2562,163,187,404,16,337,79,166,1,624,70,5460,3292,552,3949,4867,1793,2261,772,64,1643,4194,345,5786,5,121,955,45,5,31,2,48,109,15,2,6,430,2,2,236,375,260,238,427,128,5,92,6,29,26,392,173,188,315,471,60,635
3/1/1996,17,9,0,1,989,2978,173,248,479,13,427,78,190,0,631,81,5999,3371,628,4265,5131,1859,2238,901,79,1814,4439,323,6433,7,133,1067,69,7,33,6,63,133,25,7,10,412,2,1,236,404,325,292,451,128,7,133,5,22,26,418,170,178,321,478,78,667
4/1/1996,6,10,0,2,900,2432,148,286,521,21,379,76,207,1,672,67,5603,3274,569,3522,4665,1696,2159,905,58,1546,4263,318,5935,10,121,947,56,5,25,11,56,109,19,3,7,231,5,0,234,332,288,221,425,143,11,155,0,24,31,401,170,235,326,544,68,629
5/1/1996,8,7,1,3,988,2545,167,285,542,23,485,104,186,1,783,68,6275,3424,647,3969,5181,2088,2312,830,75,2053,4325,333,6005,15,128,998,51,5,22,13,89,133,25,0,8,171,0,0,235,443,282,253,403,145,10,114,0,76,44,485,185,212,296,482,76,686
6/1/1996,5,6,0,4,1233,2563,155,260,517,30,436,112,188,5,697,59,6093,3634,608,3751,5211,2018,2273,789,62,1929,4053,386,6372,10,123,827,59,3,29,3,51,103,14,1,7,116,5,0,233,318,300,182,340,155,15,198,0,16,35,452,175,174,281,485,83,621
7/1/1996,8,6,0,1,1102,2291,162,228,422,24,383,73,183,6,837,50,6315,3799,599,3787,5544,1914,2336,713,60,1867,4365,378,6842,7,167,728,50,4,22,7,61,116,18,2,5,138,1,2,227,383,283,212,302,172,11,131,2,7,39,496,174,189,270,505,82,675
8/1/1996,7,6,0,2,1144,2632,173,324,520,22,342,80,192,2,738,75,6702,3821,626,4353,5397,1966,2240,646,74,2003,4225,464,7016,8,153,727,44,2,43,5,42,75,17,3,12,120,3,2,213,364,293,255,353,148,12,129,5,40,26,486,154,199,377,512,69,651
9/1/1996,8,6,0,0,1218,2723,211,238,458,35,367,79,173,1,717,66,6280,3993,578,4247,5346,1683,2414,747,64,1897,4283,407,6698,9,146,639,36,7,36,36,43,68,16,1,11,135,0,2,213,320,302,245,349,153,10,155,5,15,28,498,155,208,332,517,74,630
10/1/1996,18,10,3,2,1272,2823,174,287,447,31,427,81,215,8,740,74,6634,3787,867,4659,6132,1976,2627,851,66,2078,4499,440,7337,13,119,682,65,6,28,7,55,66,19,8,7,194,0,0,190,370,295,206,401,178,11,128,3,25,29,599,183,196,296,528,80,723
11/1/1996,10,6,2,1,1406,2833,196,257,462,19,467,83,217,4,807,44,6387,3627,675,4419,5419,1898,2338,930,64,1767,4529,409,6820,11,102,648,36,4,42,7,39,63,9,1,4,210,0,0,200,364,317,231,359,118,12,146,3,27,44,524,193,252,354,471,63,688
12/1/1996,9,13,3,2,1692,3101,256,216,399,19,437,71,232,1,819,58,6155,3942,626,4165,5361,1882,2518,939,69,1706,4472,356,6950,12,117,733,42,9,39,4,44,72,24,2,12,226,4,1,189,322,344,322,455,161,18,182,4,34,37,624,219,219,381,554,48,694
1/1/1997,9,9,0,5,1488,2780,263,300,551,29,493,85,306,9,869,57,6580,4149,823,4247,5682,1873,2588,958,66,1674,4715,394,6883,25,142,907,62,3,37,11,39,72,14,2,6,372,0,1,247,374,386,307,540,187,28,177,6,14,39,634,251,250,430,594,57,726
2/1/1997,6,9,1,1,1457,2763,212,309,473,17,498,92,297,6,856,51,6065,3595,624,4249,5029,1655,2206,896,55,2009,4382,386,5660,9,128,813,63,2,32,30,67,64,18,13,7,393,0,1,209,346,328,244,459,135,3,142,2,18,31,633,218,177,324,496,49,647
3/1/1997,11,8,0,2,1435,3312,212,286,633,44,646,80,307,6,962,61,6895,3632,717,4869,5832,1812,2391,977,71,2027,4814,424,6182,10,130,1010,84,4,26,12,54,99,16,3,6,321,3,3,312,446,377,282,467,180,6,229,4,15,39,635,224,223,373,532,56,766
4/1/1997,7,4,0,3,1266,2599,175,302,579,23,550,92,269,4,895,58,6496,3457,674,4266,5425,1819,2269,817,74,2182,4406,357,6136,10,120,906,66,9,22,10,53,85,22,7,4,241,3,1,224,374,339,218,403,181,7,131,0,19,34,635,202,212,283,428,65,612
5/1/1997,13,6,0,1,1171,2579,176,302,568,28,604,111,378,6,909,59,6866,3733,829,4671,6010,1998,2273,875,61,1952,4331,350,6061,19,128,1042,73,12,47,3,56,92,19,3,13,159,0,3,278,422,324,215,337,171,3,168,1,22,36,649,197,196,292,374,53,747
6/1/1997,8,7,0,0,1209,2477,192,242,483,22,510,132,332,2,864,53,6092,3633,813,4339,5550,1801,2219,825,52,2038,3930,361,6104,10,136,863,65,8,36,16,75,100,39,4,7,129,1,3,236,366,293,206,313,168,6,134,2,12,34,609,191,177,326,306,47,651
7/1/1997,12,3,1,0,1186,2540,151,289,483,17,508,172,346,5,929,68,6275,3629,796,4420,5925,1880,2257,861,72,2019,4123,386,6468,9,180,797,63,9,41,16,66,82,21,2,7,118,2,7,248,402,282,169,308,172,4,170,0,13,28,601,166,179,290,324,45,661
8/1/1997,5,4,0,2,1286,2824,209,381,590,22,449,141,318,12,884,60,6574,3545,765,4706,5907,1864,2300,747,68,2155,4338,383,6896,22,178,835,76,6,27,4,67,117,23,6,5,124,7,2,214,349,334,222,353,180,5,225,2,27,35,691,190,152,325,300,57,701
9/1/1997,5,8,1,1,1271,2804,192,342,518,29,495,126,340,1,887,61,6542,3927,832,4931,6233,1669,2272,832,54,2265,4455,382,7015,10,211,814,73,4,30,1,67,99,25,3,5,166,0,11,230,354,364,234,378,174,4,238,0,24,42,694,189,151,354,307,42,712
10/1/1997,13,13,3,1,1451,3001,197,343,533,31,497,138,353,4,864,72,6951,3891,930,5241,6777,1721,2444,897,76,1912,4776,481,7631,10,168,815,71,9,27,1,42,72,14,3,4,182,1,4,258,350,340,245,423,180,4,154,3,22,33,683,225,133,344,172,42,766
11/1/1997,18,8,0,1,1506,3260,265,317,539,35,487,113,416,4,878,65,6926,4051,811,4923,6362,1628,2462,919,53,2122,4857,443,7327,10,200,797,68,7,37,3,73,62,16,1,7,207,2,5,241,386,383,318,456,214,3,262,1,52,30,731,225,158,405,165,51,715
12/1/1997,11,16,0,1,1806,3466,313,321,551,24,565,100,387,3,930,53,6977,4202,840,4657,6242,1783,2657,1177,52,2318,4833,436,7201,15,182,908,84,6,42,9,58,94,48,12,6,268,6,2,229,402,414,301,520,195,2,269,0,11,42,832,247,171,469,203,46,754
1/1/1998,6,11,1,2,1750,3260,281,331,486,36,478,73,357,4,1063,44,7471,4238,977,4519,6506,1624,2788,975,51,2322,5205,370,6992,20,237,1009,102,11,66,8,47,92,39,2,13,332,0,1,261,330,443,306,565,227,1,248,2,54,40,925,321,172,496,238,61,854
2/1/1998,10,14,1,3,1526,3003,190,288,490,34,463,97,344,7,869,60,6493,3815,899,4391,5578,1625,2451,1020,53,2066,4877,385,5980,16,213,862,67,11,51,10,33,72,17,4,8,304,1,4,270,359,351,238,400,215,6,241,3,19,46,828,281,133,362,157,48,701
3/1/1998,11,20,0,4,1564,3352,239,306,483,28,554,100,463,7,1120,60,7244,4318,947,4906,6527,1807,2556,1110,62,2283,5413,417,7047,21,229,999,84,4,45,4,72,72,17,0,9,295,1,2,277,356,422,235,530,214,0,264,1,46,37,824,294,146,447,195,62,833
4/1/1998,15,7,3,1,1329,2741,224,264,438,27,570,87,473,8,966,58,7240,3792,797,4659,6160,1629,2574,1160,51,2318,4766,330,6769,12,218,871,59,6,49,5,41,100,30,4,8,177,5,5,234,337,365,229,430,188,3,268,1,39,39,753,230,138,394,175,53,759
5/1/1998,5,4,0,1,1368,2899,257,265,460,22,562,91,595,1,949,53,7612,4159,1070,4942,6325,1785,2550,892,62,2231,4974,389,6774,17,241,1052,110,7,46,11,30,91,32,4,9,136,4,1,267,357,344,250,440,211,5,308,10,17,42,753,267,168,445,192,73,802
6/1/1998,8,13,0,9,1272,2731,189,301,447,29,507,131,428,6,906,66,7203,4239,1098,4464,6365,1795,2437,819,79,2426,4555,389,7276,27,247,1102,107,14,35,6,66,145,30,6,9,134,5,3,276,398,415,212,426,193,1,364,1,25,35,748,244,122,351,130,59,680
7/1/1998,7,8,0,1,1350,2841,256,201,392,27,540,104,401,5,972,56,7237,4198,1056,4370,6609,1877,2468,818,76,2141,4550,439,7846,23,247,1002,132,13,42,14,51,100,21,6,1,101,3,0,270,594,355,251,493,168,1,287,10,20,35,728,220,140,418,155,50,793
8/1/1998,5,8,1,0,1377,3088,232,239,423,33,524,99,430,16,1091,61,7513,4238,1003,4641,6992,1815,2528,851,66,2250,4582,426,8359,23,267,892,107,11,27,10,79,92,19,4,1,108,3,1,242,620,412,274,490,205,1,385,2,34,36,785,242,136,440,158,95,743
9/1/1998,10,1,1,3,1414,3078,238,319,527,51,507,69,407,7,1090,80,7201,4018,982,4273,6393,1821,2535,875,68,2408,4632,343,7975,25,253,872,85,10,32,32,86,108,24,5,12,125,2,0,233,706,559,340,531,196,5,342,4,25,29,886,307,159,505,141,85,795
10/1/1998,9,4,0,4,1412,3304,276,293,469,56,583,90,412,2,1056,47,7300,4061,982,4486,5979,1757,2650,870,82,2614,4970,474,8195,38,254,863,118,13,30,16,76,67,31,8,6,147,4,5,241,720,594,345,574,225,3,391,0,19,30,867,289,122,575,197,84,766
11/1/1998,11,13,1,1,1505,3297,316,262,441,46,568,87,367,3,1128,61,6354,3943,852,4258,6059,1677,2493,961,63,1894,4764,375,8420,34,297,915,112,10,40,9,99,96,39,11,12,180,4,3,284,692,571,314,602,187,1,393,0,5,31,829,295,130,583,132,92,747
12/1/1998,9,9,1,1,1765,3449,315,247,369,41,542,83,384,3,935,51,6102,3697,870,3802,5855,1866,2603,1093,55,1954,4872,368,7860,25,319,862,111,18,41,9,93,65,25,10,9,255,9,2,259,816,567,412,721,187,1,400,1,10,36,846,332,128,739,143,100,864
1/1/1999,7,9,2,1,1921,3413,315,294,420,34,539,82,349,3,1072,67,7012,3481,1042,3942,6092,1834,2648,995,59,2165,5134,394,7710,21,307,969,125,10,51,12,57,76,18,1,11,277,2,0,248,754,704,392,730,204,1,360,6,27,41,936,368,127,704,140,102,885
2/1/1999,12,9,3,2,1518,3182,260,309,423,36,512,87,311,2,955,61,6029,3443,1045,3825,5542,1783,2263,984,69,2295,4758,344,6913,15,292,978,113,8,50,46,84,56,31,6,8,297,3,3,309,721,641,298,637,213,1,333,1,8,34,812,324,119,609,141,109,807
3/1/1999,17,17,1,1,1532,3330,278,305,460,34,560,70,359,7,1082,84,6715,3800,1218,3934,6067,1883,2567,1096,77,2579,5442,390,7694,21,354,1110,131,17,47,12,99,128,46,10,7,264,6,1,310,817,580,371,732,196,2,391,8,25,38,870,405,135,680,173,108,876
4/1/1999,8,9,1,0,1355,2757,254,228,347,25,589,77,340,7,1002,53,6221,3446,975,3781,6031,1796,2380,956,77,2429,4754,385,7247,33,255,1112,133,20,32,8,92,106,35,10,7,146,5,4,245,808,513,292,638,164,1,405,5,15,33,706,361,142,591,153,148,819
5/1/1999,14,10,1,1,1345,3012,197,249,442,27,528,82,411,2,1126,77,6554,3959,983,3979,6275,1901,2457,971,80,2122,5270,455,7723,15,262,1200,134,17,49,16,102,91,50,7,5,90,4,5,276,877,563,331,612,190,0,573,4,28,35,766,369,121,561,149,134,891
6/1/1999,13,10,1,0,1203,2672,210,294,430,29,477,68,320,3,992,59,5943,3973,1013,3672,6060,1742,2244,826,52,2271,5261,401,7164,8,221,1030,136,18,34,18,115,101,22,11,4,84,6,6,236,757,519,282,494,173,3,461,2,29,22,748,368,151,551,142,244,894
7/1/1999,7,11,3,1,1367,2713,226,225,352,26,466,81,332,4,999,55,6291,3854,987,4033,6657,1674,2395,865,67,2300,5483,416,7403,17,249,897,140,20,29,6,52,92,47,9,0,66,2,3,250,762,587,311,545,174,1,454,5,4,35,733,365,154,601,180,259,922
8/1/1999,12,5,0,0,1412,2946,230,241,408,29,521,86,347,2,1002,61,6307,4010,972,3949,7133,1826,2523,936,71,2385,5629,471,8168,15,268,849,157,20,34,15,67,80,19,4,4,80,3,0,219,755,627,310,552,209,1,414,5,18,32,730,381,128,594,209,320,976
9/1/1999,7,9,0,1,1364,3110,217,247,438,24,481,56,329,11,1067,80,6075,3939,964,4244,6746,1745,2596,916,60,2518,5775,451,7914,21,243,920,151,16,29,31,78,78,28,10,7,124,7,1,246,712,614,303,499,187,1,511,1,22,38,754,411,130,549,166,358,912
10/1/1999,11,7,0,1,1469,3193,240,221,418,44,539,46,362,4,1133,73,6674,4020,911,4425,7126,1567,2548,925,59,2266,5727,441,8475,14,194,815,155,18,37,9,48,63,44,6,2,108,7,0,214,686,665,330,497,214,1,479,12,21,39,777,442,144,585,144,247,927
11/1/1999,7,9,2,0,1508,3144,227,285,372,30,570,71,367,5,1101,67,6439,4072,1067,4245,7227,1667,2676,904,69,2182,5931,422,8146,11,185,833,131,11,26,7,42,64,47,4,8,213,2,2,233,715,585,307,461,203,1,394,2,8,32,822,348,127,546,167,301,926
12/1/1999,14,9,0,2,1692,3428,246,276,437,39,518,72,337,17,1181,60,6722,3925,893,4235,6778,1637,2690,1051,40,1841,5911,400,7472,12,193,796,155,22,36,29,36,57,29,25,3,192,9,8,213,644,648,338,500,170,0,549,2,5,50,882,364,107,563,146,235,953
1/1/2000,12,9,0,2,1887,3362,281,298,466,35,615,38,335,7,1201,77,7087,4267,1003,4167,7651,1519,3028,1161,57,1978,6435,511,8418,23,262,972,178,37,47,9,84,67,32,21,8,253,9,0,238,753,718,403,568,238,0,418,8,9,38,946,512,138,689,188,397,1136
2/1/2000,6,7,0,1,1631,3176,236,355,476,24,478,61,361,4,1217,65,6246,3992,956,4089,6751,1643,2695,921,61,2492,6302,423,7472,11,222,911,128,13,56,6,45,78,49,9,10,242,3,2,249,749,673,346,476,163,2,573,2,16,35,894,415,139,593,190,325,985
3/1/2000,9,17,2,1,1709,3590,235,329,540,35,635,56,455,2,1325,49,6844,4463,1098,4360,7792,1697,2618,1135,51,2473,6404,383,7602,21,207,962,177,16,39,13,55,63,38,6,3,192,7,7,247,768,620,309,488,182,3,527,2,19,37,933,430,149,540,178,333,1054
4/1/2000,6,2,0,3,1625,3036,245,308,399,26,561,74,352,3,1183,67,6638,3901,948,4259,7325,1500,2513,1044,60,2094,5689,440,6938,10,193,968,140,26,30,4,41,68,42,15,5,133,3,4,241,620,647,328,457,162,0,522,6,17,30,832,352,132,575,195,312,1046
5/1/2000,11,12,2,0,1553,2834,211,271,434,25,620,65,373,5,1184,65,6926,4260,1164,4380,7716,1884,2450,1050,66,2311,6076,463,7557,10,266,1023,149,25,43,3,126,65,55,14,4,103,4,2,199,769,577,223,392,219,0,533,4,45,39,848,369,147,488,151,398,1022
6/1/2000,9,13,0,1,1531,2971,189,281,423,26,614,93,397,7,1142,61,6731,4146,1102,4378,7456,1880,2388,868,82,2375,5813,487,7191,20,178,1011,161,25,29,3,76,104,59,10,6,68,11,2,257,723,617,277,394,214,2,537,5,25,31,846,400,148,504,184,518,1161
7/1/2000,7,12,0,2,1646,2987,203,283,457,23,642,64,372,6,1274,47,6803,4250,1057,4684,8295,1894,2656,1004,83,2426,5994,585,8262,14,198,856,169,28,30,11,77,80,47,14,11,59,4,0,233,723,645,294,412,220,1,518,4,17,30,843,387,158,525,169,507,1067
8/1/2000,15,5,2,1,1574,3119,217,276,473,48,552,63,345,4,1247,62,6873,4126,1040,4353,7935,1905,2511,928,56,2186,5990,592,7960,20,194,931,145,26,41,23,109,77,58,7,7,86,12,0,219,843,612,280,416,224,0,436,4,27,27,862,369,154,493,187,481,1115
9/1/2000,7,11,1,0,1553,3059,224,229,393,37,497,46,350,4,1169,64,6648,3872,750,4297,7230,1684,2693,1315,50,2119,6307,652,7924,18,151,781,117,19,22,9,52,71,33,6,2,66,3,2,197,678,581,327,404,183,0,468,2,6,28,860,386,123,503,116,201,1107
10/1/2000,10,10,0,0,1667,3302,234,321,466,21,514,66,359,5,1244,76,7237,4520,1063,4642,8200,1882,2732,1205,69,2503,6692,614,9124,21,201,882,136,24,41,10,42,67,29,7,4,138,2,1,244,752,655,351,480,223,1,740,10,12,24,949,400,122,490,154,294,1168
11/1/2000,8,12,0,2,1709,3410,233,285,482,29,568,100,365,6,1282,75,6945,4366,1050,4696,7728,1947,2709,939,55,2707,6156,519,8096,21,196,905,154,30,42,5,80,76,98,8,8,134,3,4,224,778,571,314,458,221,0,708,2,28,23,1006,504,171,524,174,574,1163
12/1/2000,13,12,1,1,2168,3677,243,294,419,20,589,79,334,1,1213,84,6670,4228,961,4170,7041,1815,2811,1173,48,2303,6135,508,7813,19,220,899,166,49,37,4,83,70,31,15,3,194,0,3,189,726,568,350,530,203,1,820,3,9,35,1096,445,142,658,182,397,1330
1/1/2001,9,16,3,0,2246,3617,309,330,462,43,705,79,453,5,1386,63,7982,4673,1341,4601,7534,1919,3081,1388,71,2829,6966,598,7924,26,190,923,172,40,56,4,38,80,41,12,5,228,6,1,215,794,663,372,557,243,1,521,6,6,32,1083,591,172,723,166,438,1650
2/1/2001,13,19,0,1,2021,3503,275,372,529,36,756,74,605,4,1366,82,6640,4199,1164,4445,6394,1660,2548,1126,70,2410,6109,452,7257,36,130,1123,160,46,44,12,62,82,49,19,7,231,23,3,247,847,599,367,539,273,1,642,1,81,40,1014,514,147,635,146,439,1129
3/1/2001,7,11,1,0,1899,3713,298,344,553,33,812,83,599,2,1456,79,6427,4650,1045,5040,7365,1671,2532,1165,72,2618,6472,535,7645,65,88,1297,215,31,52,34,42,112,51,16,5,188,1,4,288,847,602,366,528,229,1,676,12,115,37,1024,535,183,680,156,525,1316
4/1/2001,9,18,0,5,1726,3190,234,291,401,28,636,114,467,5,1296,63,6323,4398,981,4373,6907,1605,2281,1189,77,2611,6180,529,7507,46,95,1084,154,39,33,19,31,76,52,20,3,103,3,2,206,803,514,369,462,225,0,682,8,75,36,946,565,171,548,144,517,1350
5/1/2001,10,15,1,0,1611,3148,230,307,390,37,667,79,432,3,1331,81,7012,4318,989,4828,7888,1929,2380,1174,110,2964,6291,592,7564,35,112,1592,199,45,56,29,71,116,65,17,4,104,12,3,259,805,541,291,397,228,0,537,3,22,29,977,554,180,484,167,711,1255
6/1/2001,12,9,0,0,1722,3322,248,305,423,31,616,97,373,3,1284,81,6763,4217,974,4356,7637,1763,2590,1025,72,2691,5960,664,8223,39,92,1456,200,54,53,26,32,80,125,27,10,57,3,0,257,884,561,345,474,275,0,580,6,102,18,869,586,230,582,140,575,1469
7/1/2001,8,10,2,0,1694,3034,228,277,376,37,604,101,426,8,1385,87,6662,4684,959,4855,8626,1756,2541,995,59,2830,5882,739,8683,36,81,1140,178,37,31,21,24,80,93,13,14,61,4,3,240,789,587,316,439,246,1,574,3,19,25,900,646,210,515,127,582,1274
8/1/2001,10,13,0,1,1735,3286,264,266,408,41,599,137,361,11,1512,66,6507,4443,970,4658,8444,1812,2549,1587,104,2992,5575,685,8253,44,75,1347,210,26,41,23,42,104,97,27,6,88,4,5,302,878,630,354,495,260,1,641,2,45,34,922,647,214,679,253,722,1308
9/1/2001,10,11,2,1,1872,3506,317,282,438,31,584,108,337,1,1409,98,6110,4175,896,4009,7631,1627,2483,1672,88,2889,5005,626,8542,36,39,1330,189,47,37,33,36,68,76,20,5,83,6,1,272,943,633,361,562,208,6,694,4,30,30,951,603,187,738,205,717,1344
10/1/2001,8,11,1,3,2147,3613,271,360,454,60,576,73,420,7,1487,95,6507,4340,936,4102,8002,1705,2814,1576,73,3093,5476,780,8939,52,70,1231,164,26,27,42,40,86,66,5,2,98,6,2,328,922,645,373,497,234,4,617,6,30,43,1099,635,190,604,221,836,1516
11/1/2001,9,6,1,0,1977,3697,245,323,414,32,524,74,369,5,1413,94,6174,4084,928,4440,7357,1588,2517,1647,57,3029,5298,626,8177,25,66,974,172,17,43,13,30,78,60,12,4,143,2,2,273,825,592,351,501,209,7,752,6,27,38,1006,600,140,599,206,1074,1359
12/1/2001,10,21,0,3,2361,3894,295,248,394,30,558,78,324,3,1307,90,6234,4022,863,4021,6741,1762,2801,1856,71,2709,5089,601,7849,33,64,1038,162,37,35,12,29,83,84,16,3,198,9,4,227,720,597,415,565,227,3,868,5,33,42,1117,659,159,792,192,1000,1554
1/1/2002,11,8,0,1,2402,3725,353,315,462,36,580,80,377,5,1401,100,6366,4023,1073,3831,6767,1728,2785,1935,84,3191,5849,672,7941,43,70,1103,162,40,52,30,31,71,40,15,6,186,2,1,286,763,697,418,621,196,0,782,6,27,42,1123,792,197,843,189,1469,1652
2/1/2002,9,10,1,1,2010,3415,264,343,509,36,529,51,275,7,1386,69,5350,3600,863,3696,6289,1543,2262,1596,64,2953,5016,432,6732,34,73,856,115,31,40,8,37,40,60,26,8,195,3,2,248,681,677,410,488,196,3,892,7,24,28,972,638,180,608,173,1536,1260
3/1/2002,13,9,0,0,2099,3909,263,295,457,30,649,69,279,3,1447,91,6041,3746,872,4294,6910,1701,2534,1737,83,2737,5506,529,7427,20,67,984,143,35,28,6,47,94,68,20,5,227,7,4,226,749,683,417,547,234,2,1013,10,26,20,1006,661,176,650,188,1986,1447
4/1/2002,7,9,0,1,1852,3352,217,335,449,30,607,70,268,5,1336,87,5964,3589,980,3790,6751,1713,2468,1533,65,3174,5217,513,7512,22,72,915,105,34,31,14,37,52,59,20,3,145,2,6,244,793,614,394,421,214,12,919,8,22,23,986,621,189,556,232,1963,1394
5/1/2002,6,9,0,2,1866,3361,224,316,519,32,531,85,329,6,1307,85,5869,3258,984,3618,6620,1931,2389,1618,58,3364,5041,505,6982,22,76,1213,157,45,41,22,52,79,65,27,5,75,12,3,339,789,599,355,424,212,2,882,7,43,28,969,652,196,558,209,2101,1456
6/1/2002,8,15,3,1,1912,3099,260,302,394,25,478,85,258,4,1319,74,5547,3384,851,3332,6225,1787,2289,1460,67,2993,4656,493,7311,7,72,969,134,42,35,3,54,66,55,34,9,53,7,1,233,741,585,368,401,167,1,914,5,38,14,932,579,158,598,245,1902,1368
7/1/2002,6,7,0,0,1881,3088,231,247,377,29,473,92,261,8,1420,99,6020,3445,939,3500,6818,2136,2493,1531,54,3122,4775,647,8066,12,84,836,137,36,33,2,74,62,65,18,5,57,7,1,229,700,608,333,408,203,4,919,6,11,17,851,601,167,507,193,2161,1322
8/1/2002,7,7,0,1,1951,3438,208,311,479,26,460,76,282,6,1462,114,5631,3255,926,3274,6421,2137,2488,1656,68,2872,4780,614,8131,11,88,1089,145,41,62,14,45,55,77,23,4,78,2,4,272,839,622,415,456,205,7,1058,3,15,22,963,614,176,587,183,2176,1421
9/1/2002,9,4,0,1,2101,3542,213,319,495,30,511,73,292,4,1481,97,5777,3274,775,3138,6182,2009,2581,1490,78,2753,4727,644,8569,6,86,940,121,26,33,1,19,38,45,15,5,100,4,6,282,870,713,411,460,188,3,1013,8,30,17,1031,673,172,589,158,2287,1447
10/1/2002,7,8,2,3,2212,3710,233,374,496,25,470,57,258,4,1582,103,5819,3320,1060,3220,6360,2036,2641,1720,77,2614,4837,698,8929,11,105,874,129,42,46,6,71,70,43,30,5,115,8,1,253,863,731,425,470,194,6,1290,9,45,28,1073,723,156,582,209,2405,1627
11/1/2002,6,8,0,0,2266,4034,253,353,526,30,533,79,293,3,1546,105,5556,3328,776,3099,5763,1887,2518,1702,68,3198,4841,597,8235,4,64,894,115,47,52,2,23,61,34,19,6,132,5,4,228,824,704,456,486,151,21,1345,6,12,39,1122,691,148,584,195,1891,1612
12/1/2002,14,9,0,2,2551,3943,308,287,643,38,435,65,287,0,1515,107,5308,3201,796,3070,5328,1930,2611,1726,65,2543,4431,499,7675,21,94,934,160,37,41,7,46,48,72,28,8,160,14,5,242,866,665,504,602,179,14,1497,5,39,33,1207,783,187,703,167,2596,1897
1/1/2003,4,13,0,1,2707,3730,304,311,503,27,466,53,289,3,1678,133,5470,3248,879,2896,5646,1807,2678,1771,65,2951,4771,510,7970,12,91,1065,177,51,71,4,63,55,33,13,5,255,4,4,315,914,763,519,600,190,3,1203,5,82,44,1170,953,133,707,199,2964,1934
2/1/2003,13,6,0,1,2321,3825,220,313,435,19,490,58,267,6,1654,106,4883,3050,802,2768,5245,1757,2260,1563,70,2572,4456,391,7139,6,75,822,123,21,49,3,59,61,43,16,3,226,3,3,230,811,676,440,526,139,6,1213,10,21,21,1145,756,162,598,150,3663,1663
3/1/2003,8,6,1,1,2310,4090,292,330,540,25,578,57,266,3,1656,93,5345,3304,863,3239,6027,2030,2364,1781,90,2756,5125,444,8017,15,60,987,147,34,50,3,40,66,41,22,6,221,9,3,261,883,793,499,549,177,40,1288,2,13,29,1167,786,162,681,155,4305,1710
4/1/2003,8,12,0,1,1963,3228,244,281,458,30,588,98,277,5,1407,73,5142,3131,847,2822,5593,1970,2237,1628,72,2692,4460,397,7363,11,58,950,157,27,37,5,23,55,94,9,5,144,5,4,250,789,633,369,404,175,22,1118,9,9,17,926,822,157,525,165,4431,1544
5/1/2003,8,7,0,1,2123,3256,236,353,482,31,614,90,274,9,1590,111,5420,3288,849,3160,5939,2194,2289,1645,95,2750,4407,432,7432,11,75,1000,154,38,41,6,55,63,38,19,7,88,2,10,273,814,695,405,425,180,31,1173,8,7,30,1045,796,140,541,158,4700,1609
6/1/2003,6,7,2,3,2105,3271,204,324,441,30,492,54,256,8,1630,115,5053,3337,812,2942,5581,2088,2274,1469,96,2529,4459,439,7773,12,73,970,155,41,42,3,33,47,33,36,6,62,6,2,264,790,652,392,420,178,5,1026,6,28,20,1051,741,152,487,158,3679,1519
7/1/2003,4,9,2,0,1894,3068,202,314,385,26,507,87,258,4,1612,100,5249,2879,743,3016,5748,1940,2447,1423,73,2806,4547,507,7911,6,55,1004,172,34,48,0,65,62,110,30,11,77,9,3,286,625,617,365,386,155,6,1056,22,12,30,934,666,142,442,105,3308,1802
8/1/2003,9,10,0,2,1895,3208,199,354,465,35,383,57,227,2,1552,102,4961,2735,778,2795,5305,1836,2297,1371,68,2425,4458,424,7703,3,83,964,164,37,68,4,58,50,52,23,4,58,11,2,232,610,577,397,423,166,14,915,12,5,17,973,704,53,492,62,3041,1729
9/1/2003,12,5,0,1,1989,3473,241,353,419,22,466,53,200,2,1532,109,5134,2959,808,2709,5152,1754,2542,1398,78,2485,4548,551,8320,9,74,888,164,50,60,4,51,68,50,21,8,57,4,5,250,616,632,394,423,152,8,1049,4,0,28,963,675,65,475,68,3373,1691
10/1/2003,10,12,3,0,2037,3421,210,310,405,38,462,73,188,3,1598,87,5248,2951,780,2875,5178,1768,2463,1416,70,2347,4341,465,8340,12,86,894,153,22,46,3,25,52,57,14,5,88,9,3,196,877,629,383,447,161,8,905,11,1,24,1016,693,65,479,81,3594,1670
11/1/2003,9,7,0,0,2213,3533,239,331,453,34,501,67,215,4,1512,111,4900,2732,747,2718,4860,1617,2426,1532,74,2353,4303,500,8347,8,85,835,145,36,70,4,46,47,41,36,5,128,5,2,270,743,615,426,423,134,11,1095,5,1,19,1016,747,47,480,68,3243,1560
12/1/2003,7,3,2,1,2495,3784,262,313,425,21,402,78,206,5,1680,110,4688,2681,630,2796,5058,1657,2550,1476,76,2356,4359,398,8235,12,86,924,151,47,80,2,35,53,54,19,3,148,0,6,272,768,616,478,498,136,14,1262,4,19,22,1091,830,53,551,64,3457,1889
1/1/2004,8,4,0,1,2488,3387,302,354,437,36,452,61,189,2,1837,114,5126,2676,808,2889,5375,1428,2604,1546,76,2468,4584,503,8101,15,74,1170,178,72,67,5,42,43,35,39,6,212,4,5,280,1046,690,493,515,151,8,1208,17,1,19,1168,949,48,590,69,3389,1979
2/1/2004,7,4,0,0,2198,3559,237,380,467,35,389,80,181,4,1608,102,4681,2568,644,2910,4911,1550,2248,1287,56,2362,4166,484,7337,8,89,836,163,50,62,2,41,59,42,50,6,251,3,1,216,1066,618,425,416,133,4,798,8,16,16,1062,829,48,557,77,3334,1533
3/1/2004,5,7,0,0,2215,3566,242,384,505,31,490,71,232,6,1696,115,5347,2852,680,3208,5457,1630,2207,1373,88,2717,4547,528,7823,13,76,1108,166,52,87,2,27,77,47,30,11,223,3,3,268,1033,672,423,462,164,5,932,9,8,27,1044,837,43,564,75,3622,1504
4/1/2004,9,5,0,0,1924,3076,191,296,395,30,422,52,272,10,1463,99,4808,2439,650,2826,5095,1570,2227,1246,102,2490,3880,458,7254,15,99,984,146,42,64,1,37,63,21,19,9,114,5,11,260,860,658,407,391,144,7,1036,4,20,21,940,838,47,472,71,3585,1625
5/1/2004,6,10,0,1,1886,3088,217,310,401,32,427,103,258,3,1552,104,4777,2571,695,2727,4655,1674,2051,1145,75,2722,3926,568,7370,18,97,1004,166,46,74,7,40,74,62,15,4,77,7,4,282,890,640,371,356,133,13,822,9,14,22,909,847,43,462,75,4148,1472
6/1/2004,5,4,0,0,1947,2989,196,334,367,37,327,84,216,2,1721,108,4261,2272,636,2453,4501,1534,1851,984,52,2760,3556,520,7378,16,72,1076,149,42,60,15,52,75,55,20,5,65,2,6,249,885,593,376,363,124,33,972,7,4,27,910,811,49,432,50,4072,1415
7/1/2004,12,9,0,1,1962,3047,229,337,410,36,346,75,221,3,1717,117,4151,2435,620,2507,4784,1571,1940,1102,65,2538,3668,577,7855,8,69,861,152,32,79,8,96,48,36,13,6,53,10,1,220,543,577,377,396,109,28,886,12,16,20,926,753,45,500,75,3916,1516
8/1/2004,7,6,2,0,2018,3211,219,361,459,25,373,29,194,7,1650,114,4381,2553,658,2706,4976,1597,2109,1014,64,3161,3893,566,8577,21,60,874,152,47,70,5,47,49,45,15,7,62,2,5,231,636,642,433,428,155,50,953,6,14,22,972,857,33,483,72,3676,1469
9/1/2004,4,5,1,2,1954,3172,203,309,459,35,345,42,185,5,1718,105,3943,2116,598,2641,4766,1453,2009,976,59,2756,3635,566,8318,9,82,933,150,25,74,9,47,43,47,13,8,52,7,3,231,616,653,398,395,136,11,920,53,26,22,962,892,39,410,53,3256,1333
10/1/2004,1,4,0,2,2210,3431,258,343,450,31,351,32,196,4,1746,142,4248,2408,636,2670,4994,1525,2141,1094,63,2779,3737,488,8503,21,68,891,152,52,93,16,31,47,33,24,9,105,3,3,222,657,652,451,443,114,13,1191,50,6,19,1101,896,40,511,55,3185,1499
11/1/2004,2,4,1,0,2252,3492,221,393,481,34,359,44,185,7,1898,137,4502,2584,649,2759,5439,1543,2186,1102,70,3058,3980,486,8261,15,65,882,174,40,81,11,41,43,46,22,7,122,4,1,204,679,688,450,468,130,16,1138,16,25,31,983,936,40,557,67,2913,1509
12/1/2004,9,6,0,3,2459,3740,250,358,451,24,363,32,214,10,1807,116,4528,2230,688,2695,4780,1674,2186,1202,58,2773,3798,487,7946,26,48,965,182,51,99,7,13,72,68,16,4,133,8,7,237,739,701,599,571,142,23,1733,12,17,20,1081,996,39,700,45,3215,1620
1/1/2005,11,2,2,2,2570,3588,291,300,473,30,362,28,187,4,2093,143,4469,2534,664,2647,4523,1435,2370,1249,63,2869,4073,573,8630,24,83,1023,184,107,83,11,32,31,40,53,11,147,5,1,257,730,823,620,595,160,8,1297,10,16,19,1057,1149,56,671,56,3011,1739
2/1/2005,9,1,0,1,2120,3356,242,332,533,24,326,29,180,8,1826,131,4036,2345,574,2346,4440,1420,1993,928,54,2676,3571,455,7871,24,80,778,132,47,69,15,58,38,22,17,5,181,4,9,207,674,636,497,513,132,11,986,9,13,16,999,956,79,563,79,2516,1410
3/1/2005,6,8,0,1,2246,3745,258,400,523,29,468,63,239,6,2120,136,4413,2622,629,2630,5298,1588,2015,1116,48,2640,3909,526,8771,25,81,827,139,45,77,16,48,46,32,24,7,202,13,4,218,606,787,452,553,154,6,1137,20,19,32,1033,1017,61,537,73,2490,1470
4/1/2005,9,5,0,0,1938,3340,237,282,390,30,420,52,234,5,1933,117,4047,2188,546,2514,4599,1589,2084,933,48,2617,3770,503,8492,13,69,875,136,51,86,6,27,66,50,25,4,96,5,1,246,611,726,482,486,128,18,1244,6,25,31,939,940,42,542,67,2872,1420
5/1/2005,4,5,1,0,1918,3238,237,373,437,27,340,41,203,3,1773,119,4171,2312,567,2559,4647,1655,2022,956,45,3003,3739,525,7830,27,71,1062,177,43,91,19,24,65,47,27,4,76,12,6,227,604,657,439,542,149,10,927,9,19,23,926,988,53,517,79,3938,1358
6/1/2005,7,5,2,0,1859,3082,216,341,420,22,353,27,255,2,1676,124,3822,2206,509,2371,4423,1606,1830,996,59,2820,3602,483,7852,19,62,901,160,58,89,4,26,64,107,66,13,75,1,1,206,631,618,422,474,117,9,1048,6,19,12,870,886,51,521,48,3536,1312
7/1/2005,10,2,0,1,1977,3210,236,258,366,25,354,51,205,1,1726,110,4017,2258,541,2440,4555,1693,1934,954,43,3039,3440,554,8787,21,83,938,165,70,79,8,32,79,60,58,6,36,6,5,239,598,657,520,456,125,19,1091,8,6,24,945,893,46,528,52,3109,1500
8/1/2005,5,5,0,0,1952,3173,194,388,440,38,385,47,211,6,1925,130,3855,2168,544,2210,4337,1533,1896,975,63,2924,3370,559,8475,15,65,915,176,81,76,7,32,65,48,68,7,54,2,2,253,690,649,441,407,110,13,936,11,3,20,936,884,51,457,45,3204,1387
9/1/2005,4,1,1,1,2012,3209,193,315,452,29,423,49,258,14,1971,100,3840,2137,540,2248,4412,1497,1990,1017,55,3297,3438,516,8728,9,71,861,151,71,73,9,28,26,135,30,13,67,7,3,193,633,742,492,444,127,7,929,15,12,12,883,857,64,479,37,3183,1392
10/1/2005,9,9,5,0,2189,3499,230,296,500,39,458,40,219,2,1987,133,4157,2224,618,2337,4404,1418,2221,1110,53,2987,3519,614,9437,13,57,900,156,47,68,1,28,47,59,17,4,80,3,2,234,751,743,539,512,152,9,1361,9,4,23,962,1137,37,614,63,3138,1587
11/1/2005,8,7,1,0,2147,3712,245,372,478,47,462,50,208,5,1934,106,3988,2312,471,2363,4609,1551,2025,1013,60,2668,3499,589,8797,18,56,769,163,37,69,6,26,49,67,40,8,109,10,1,242,652,688,479,441,131,2,1112,10,3,21,953,953,56,529,49,2927,1317
12/1/2005,4,4,0,0,2520,3931,258,305,417,36,455,37,225,3,2159,126,4084,2243,514,2279,4252,1407,2092,1106,42,2433,3756,627,9413,15,36,776,172,61,87,1,18,47,106,38,5,127,4,5,195,753,781,561,500,146,22,1448,4,1,18,1041,1061,34,579,33,2798,1546
1/1/2006,20,4,1,1,2603,3569,238,279,425,31,399,66,237,1,2099,135,4419,2594,535,2529,4777,1436,2285,1130,43,2835,3839,559,9135,17,41,880,138,78,75,12,20,24,28,32,2,120,7,5,211,615,787,533,510,137,14,1201,5,5,31,1036,1158,35,615,43,2802,1457
2/1/2006,5,6,0,0,2287,3596,241,296,472,31,407,53,197,12,1978,115,3823,2336,504,2275,4288,1411,1931,860,53,2676,3630,520,8085,17,47,754,132,70,74,3,17,52,67,55,5,147,3,1,210,601,660,464,454,124,9,1115,8,8,21,1071,1181,45,588,50,2605,1286
3/1/2006,11,4,1,0,2334,3858,260,396,522,39,422,70,245,4,2249,177,4296,2347,601,2500,4903,1588,1924,1111,56,2997,3636,551,8626,15,57,851,185,32,94,6,21,41,54,19,13,155,7,3,249,733,759,473,521,161,27,1256,9,16,20,1003,1302,57,613,56,3459,1419
4/1/2006,6,3,1,1,1928,3299,215,288,413,21,389,47,175,4,1701,117,3926,2291,510,2415,4794,1395,1808,1032,49,2777,3417,619,8552,19,35,871,189,57,83,18,19,39,71,33,7,92,5,1,223,684,720,512,478,133,42,1304,6,7,28,835,1141,46,596,47,2799,1441
5/1/2006,7,7,0,0,1959,3054,219,334,439,30,344,61,198,5,1783,126,3782,2300,567,2617,5431,1621,1754,951,43,3405,3559,667,8541,21,60,1059,171,39,94,6,12,54,47,13,6,60,4,3,248,635,600,411,391,129,42,1049,7,16,14,925,1205,44,506,47,2783,1310
6/1/2006,4,4,1,0,1925,2987,184,297,398,29,384,53,214,5,1860,114,4107,2164,509,2389,5238,1619,1767,983,56,3183,3266,561,8339,19,47,924,163,65,83,22,32,54,90,40,4,34,2,1,207,676,638,389,384,129,49,933,16,13,13,863,1108,62,489,55,2824,1275
7/1/2006,7,8,1,0,1980,3208,198,293,360,23,375,53,206,4,1971,121,3766,2400,482,2346,5351,1462,1966,954,38,3104,3468,701,9341,31,35,977,197,69,98,21,17,43,90,26,7,38,2,2,254,638,690,442,393,140,9,1009,27,5,25,840,1217,51,500,48,3251,1397
8/1/2006,10,5,0,3,1970,3237,238,326,454,31,355,46,229,10,2067,156,3572,2059,497,2265,4618,1519,1863,883,50,3193,3422,744,9195,30,45,973,203,59,88,14,16,65,84,51,9,53,4,2,254,747,691,470,456,112,44,1344,16,2,18,861,1158,42,506,59,3324,1415
9/1/2006,7,8,1,0,2055,3339,224,307,413,31,378,27,175,5,2024,121,3775,2111,487,2185,4759,1412,1875,876,57,2789,3285,695,9311,28,36,886,182,95,110,21,26,27,63,36,5,51,3,1,230,652,697,507,437,117,21,1267,8,13,31,891,1272,71,484,61,3023,1351
10/1/2006,6,4,0,1,2236,3466,243,329,439,34,386,36,184,11,2064,125,3897,2222,498,2288,4824,1477,2160,926,48,2727,3626,829,10503,27,47,762,201,70,88,11,30,33,67,25,7,84,5,5,252,752,814,537,468,98,14,1292,13,2,15,1012,1353,48,590,77,2476,1256
11/1/2006,5,3,0,0,2208,3672,245,348,483,38,377,52,218,6,2092,172,3942,2120,439,2225,4611,1498,2106,915,36,2819,3582,698,9455,33,47,752,177,60,82,9,65,35,41,26,8,85,2,1,228,659,688,536,454,125,88,1641,12,12,25,978,1305,52,546,67,2512,1337
12/1/2006,11,9,2,1,2569,3865,289,332,421,26,394,34,167,4,2053,154,3726,2128,461,2122,4576,1635,2214,1049,48,2328,3325,650,9614,27,54,849,173,82,114,4,21,53,85,51,9,113,6,2,231,734,789,649,521,134,36,1943,9,12,21,967,1745,45,727,66,2627,1552
1/1/2007,11,3,0,0,2660,3487,256,322,534,23,378,42,171,1,2300,144,3986,2291,513,2084,5261,1403,2235,1122,58,2930,3726,713,9864,28,46,817,191,83,94,11,19,39,55,16,3,144,2,1,273,735,922,596,562,157,19,1400,8,3,15,1033,1494,57,721,53,2816,1542
2/1/2007,8,4,1,5,2349,3439,215,331,434,25,356,55,178,3,2166,142,3621,2063,457,2088,4839,1410,1846,916,38,2259,3309,548,8338,29,58,725,198,62,99,13,11,31,44,25,9,142,2,2,217,685,793,467,401,127,26,1163,6,20,13,1019,1313,41,529,55,2495,1318
3/1/2007,8,3,0,2,2546,4125,244,402,498,39,448,59,271,7,2418,160,3948,2120,578,2619,4982,1772,1944,1114,48,2824,3624,545,8897,31,57,927,262,122,124,2,28,33,49,24,4,174,2,1,235,808,804,604,516,143,51,1777,10,8,21,1034,1531,41,707,54,2646,1536
4/1/2007,1,2,0,0,2175,3446,228,312,390,24,469,63,245,6,1976,130,3971,2268,536,2250,4859,1440,1896,1020,37,2555,3503,559,8867,17,51,904,195,64,99,10,11,38,50,21,3,72,18,2,222,715,743,614,456,138,23,1533,5,14,18,975,1578,51,623,50,2985,1297
5/1/2007,4,4,1,0,2156,3434,221,371,438,38,422,38,216,5,2072,138,4513,1931,575,2262,5209,1739,1816,1069,56,2878,3580,541,8563,17,71,1084,214,63,113,27,27,47,51,40,8,88,8,2,259,705,743,481,436,137,22,1306,11,33,24,982,1518,67,559,59,3395,1152
6/1/2007,6,2,1,0,1971,3041,149,308,371,24,334,36,178,4,1946,135,3831,1996,457,2315,5314,1577,1723,1000,40,2680,3094,513,7863,20,44,877,179,66,93,3,8,35,73,26,6,55,3,0,225,697,668,519,362,122,34,1471,7,10,12,756,1499,79,492,54,3199,1040
7/1/2007,5,6,0,0,1969,3169,195,386,311,28,381,52,174,8,1949,111,3835,1990,455,2233,5456,1569,1746,893,55,2656,2855,644,8948,20,45,849,203,59,71,4,3,36,119,32,6,38,2,0,227,622,722,489,402,111,31,1529,11,3,18,834,1462,48,548,36,3207,1049
8/1/2007,7,7,1,0,1976,3448,228,311,358,36,322,70,187,6,2196,126,3733,1695,492,2109,5223,1545,1637,896,44,2836,3048,597,8570,25,65,942,219,72,98,26,18,40,114,49,9,44,4,3,265,763,691,507,458,122,39,1337,22,19,20,1023,1613,75,559,47,3539,1167
9/1/2007,8,8,0,0,2011,3520,249,333,450,28,372,45,185,4,2092,145,3565,1875,437,2118,5315,1389,1772,829,48,2729,3064,621,9202,18,58,743,164,66,91,0,8,32,44,12,7,43,4,1,210,615,729,627,437,110,19,1267,32,5,17,897,1561,55,596,60,2888,1215
10/1/2007,9,6,0,0,2083,3505,200,345,477,25,353,51,199,8,2265,122,4024,2106,478,2271,5445,1460,1909,968,47,2926,3496,711,9907,17,58,839,151,68,109,4,4,41,41,24,13,70,2,1,258,623,774,531,462,140,13,1232,15,2,19,955,1580,73,574,62,2438,1215
11/1/2007,10,3,0,0,2277,3602,203,335,450,24,377,38,135,4,2306,152,3961,2058,521,2195,5332,1481,1797,941,38,3141,3380,541,9102,26,83,875,178,80,123,8,29,47,58,102,4,106,7,1,271,716,779,696,532,105,31,1758,13,1,22,964,1754,66,574,68,3905,1307
12/1/2007,6,3,0,2,2475,3767,354,326,365,27,364,41,140,3,2220,142,3667,1978,537,2070,4844,1551,1991,884,46,2931,3213,577,9075,28,61,911,190,104,119,9,19,37,96,31,21,118,6,4,264,690,850,936,731,148,21,2284,41,17,22,1127,1816,75,921,49,2966,1630
1/1/2008,7,3,0,1,2466,3728,284,340,459,19,370,44,162,6,2351,115,3748,2116,526,2079,5047,1474,2051,844,34,3381,3481,608,9280,29,72,955,198,97,94,20,11,33,41,50,15,142,7,1,235,711,883,839,673,163,14,1562,12,12,11,1034,1885,60,749,51,2908,1661
2/1/2008,9,4,1,1,2164,3636,242,307,393,30,379,43,183,5,2308,122,3230,1978,533,2093,4853,1472,1581,914,56,3036,3249,514,8134,35,45,952,180,83,130,10,23,36,56,40,9,160,2,2,237,731,750,698,525,127,37,1425,25,16,26,960,1935,83,682,71,2989,1189
3/1/2008,9,10,0,0,2244,4088,243,376,490,46,514,54,151,13,2212,118,3809,2083,560,2196,5365,1526,1791,1046,43,3139,3367,626,8997,38,68,1036,185,158,133,14,66,49,57,45,11,186,4,3,279,736,816,828,657,110,44,1962,12,7,19,994,2168,76,694,64,3436,1491
4/1/2008,5,2,1,0,1848,3126,246,319,408,25,425,46,152,11,1893,111,3691,1884,578,2014,4889,1797,1629,909,58,3455,3129,592,8669,45,69,931,223,97,143,12,25,62,54,23,6,104,3,5,295,700,705,683,537,123,20,1272,12,10,12,768,1823,83,634,57,3824,1148
5/1/2008,6,4,1,9,1974,3649,263,367,398,38,393,20,170,5,2139,113,3831,2029,546,2187,5113,1836,1777,855,52,3628,3127,632,9157,43,45,1197,222,103,144,9,15,54,77,29,5,65,5,2,288,778,769,691,549,142,30,1262,14,38,13,874,2005,94,624,62,3702,1276
6/1/2008,11,5,0,0,1868,3323,220,360,387,27,353,33,146,7,2202,110,3757,2066,490,2160,5673,1787,1651,863,37,3478,3035,619,8930,43,48,1070,185,142,140,14,11,46,53,37,12,81,3,2,240,755,672,718,545,111,38,1210,13,11,20,896,1967,80,637,64,3121,1210
7/1/2008,2,7,0,1,1960,3083,211,282,387,19,289,21,143,3,2097,118,3656,1871,467,1962,5069,1628,1691,828,51,3399,3076,674,9083,31,61,938,210,74,130,16,19,49,167,28,8,37,6,2,244,710,755,558,460,114,11,1157,10,7,19,889,2028,65,547,48,3138,1096
8/1/2008,5,0,0,1,2022,3496,207,321,405,26,341,25,160,3,2132,129,3796,1643,475,2028,4644,1628,1706,801,45,3314,2903,609,9107,30,40,1080,198,165,94,9,29,41,40,42,4,53,2,0,298,694,767,691,480,121,39,1326,16,12,13,910,1883,67,601,56,3287,1146
9/1/2008,4,3,0,1,2052,3456,222,377,434,47,296,25,168,7,2197,135,3744,1744,514,1837,4602,1711,1805,813,40,3379,3073,633,9355,27,51,1040,186,126,132,10,10,44,109,32,13,66,6,5,287,702,775,720,484,117,6,1364,16,3,14,954,2047,70,615,77,3281,1169
10/1/2008,7,4,1,0,2259,3684,244,383,404,52,386,35,179,4,2277,137,3885,1905,479,2064,4553,1699,1971,828,45,3467,3257,610,9941,31,48,1012,171,94,148,15,31,58,93,39,14,82,6,0,247,776,826,752,585,134,30,1627,26,19,23,1057,1978,63,655,59,3284,1366
11/1/2008,4,5,0,0,2257,3908,247,394,533,34,340,29,150,17,2287,119,3708,1929,422,2082,4360,1740,1861,824,42,2794,2883,629,9557,32,72,1000,173,135,140,14,21,31,73,44,10,114,4,2,257,722,782,753,565,128,21,1631,26,11,23,1053,1904,72,672,46,3301,1310
12/1/2008,12,4,3,1,2470,3593,254,356,443,37,305,41,118,5,2326,133,3488,1710,436,1739,3638,1627,1857,815,51,2766,2978,553,9205,29,78,1044,198,163,137,11,23,50,38,37,3,112,6,2,282,741,735,850,655,127,21,2242,19,1,23,1158,2052,63,729,53,3101,1528
1/1/2009,6,5,1,1,2696,3603,303,310,451,25,309,40,133,5,2510,125,3873,1816,422,1842,3948,1561,1935,891,52,3163,3383,739,9388,46,71,1089,182,176,131,7,26,42,50,39,12,141,3,0,258,744,832,870,753,159,33,1848,19,8,17,1233,2306,90,861,58,3528,1714
2/1/2009,11,2,0,3,2339,3301,238,342,406,29,301,47,123,5,2245,115,3473,1602,453,1790,3534,1623,1617,1017,45,3144,2893,569,7739,46,76,1043,145,215,120,20,29,25,47,60,9,160,8,3,275,705,697,642,537,105,21,1409,22,10,18,1043,2003,62,609,52,3520,1149
3/1/2009,6,4,0,0,2276,3841,238,472,493,43,334,36,131,6,2638,135,3574,1686,442,1874,4025,1744,1784,1095,37,3184,3198,528,8729,32,83,1109,144,142,176,2,26,41,43,24,6,147,3,2,287,811,749,753,623,134,34,1402,34,7,15,1047,2126,91,674,64,3673,1326
4/1/2009,7,4,0,1,1997,3249,232,300,353,21,351,46,165,7,2122,116,3625,1700,441,1863,4000,1729,1799,726,44,2783,2879,538,8154,36,91,1206,148,110,142,22,52,44,51,28,14,84,9,0,292,675,757,718,560,108,13,1406,25,39,21,913,2029,88,667,52,3313,1240
5/1/2009,10,7,0,1,1986,3259,235,395,469,24,331,54,159,9,2264,122,3578,1663,500,1927,4137,1856,1544,733,43,2951,2713,591,8041,47,66,1228,147,117,145,7,53,32,46,32,17,38,4,0,293,666,705,787,614,125,20,1409,18,6,14,924,1838,82,623,42,3656,1095
6/1/2009,4,2,0,0,1936,2964,173,367,409,25,306,41,130,57,2429,124,3402,1639,421,1909,4260,1710,1566,756,41,2908,2749,524,8043,44,83,1151,163,151,163,8,37,44,39,31,6,51,5,2,297,701,646,689,497,122,34,1269,17,7,14,915,1937,70,474,52,3417,1070
7/1/2009,11,2,0,0,1967,2840,200,313,351,30,284,57,126,7,2188,116,3246,1467,442,1827,3928,1799,1585,701,32,2845,2673,539,8021,51,72,1214,140,229,184,7,16,49,25,31,18,70,7,0,256,639,627,704,446,119,20,1428,13,2,16,947,1960,83,524,50,3743,1090
8/1/2009,6,2,1,0,2029,3428,212,380,500,27,326,51,141,5,2329,137,3213,1504,387,1920,3683,1800,1731,755,49,2848,2685,646,8804,52,68,1077,129,113,149,22,26,42,62,127,10,46,6,4,319,636,670,684,494,117,33,1272,30,3,10,1005,1934,93,596,57,3111,1031
9/1/2009,6,5,1,0,2030,3238,220,448,481,40,289,28,142,5,2450,104,3193,1493,398,1948,3746,1670,1819,715,55,2810,2804,649,8698,63,69,1024,165,210,159,13,18,52,38,59,12,70,6,8,312,599,637,656,491,108,33,1378,37,5,12,912,2191,73,643,54,3161,1160
10/1/2009,6,1,0,2,2156,3442,249,393,419,20,320,46,121,11,2446,114,3390,1611,401,1823,4160,1640,1877,777,49,2816,2943,645,9177,59,72,1060,156,147,164,76,15,50,32,33,17,88,4,3,283,628,725,741,539,129,34,1653,25,2,15,945,2205,92,635,56,4001,1232
11/1/2009,6,4,3,3,2361,3680,190,404,469,27,293,31,163,13,2324,134,3442,1586,442,1730,3750,1655,1989,821,39,2940,3067,642,8379,50,68,1097,120,153,144,12,49,42,38,28,23,109,9,3,281,586,760,741,529,122,8,1503,27,14,13,1020,2149,109,569,40,3536,1283
12/1/2009,9,6,1,0,2492,3768,254,359,485,19,284,38,133,28,2476,114,3609,1464,524,1876,3844,1835,2063,879,27,3148,2943,634,8423,59,76,1093,167,65,160,17,38,43,84,26,12,186,3,1,290,771,858,1071,685,155,62,2257,17,4,24,1026,2241,72,769,40,3955,1613
1/1/2010,4,2,0,3,2633,3797,242,339,473,24,357,33,128,33,2637,120,3689,1559,463,1843,4090,1609,2101,875,39,3134,3248,602,8684,70,57,1042,188,202,184,15,21,46,71,72,15,151,6,3,265,634,857,962,747,174,18,2024,17,1,27,1134,2295,106,846,36,3639,1748
2/1/2010,7,0,0,2,2205,3415,187,402,454,19,289,25,91,1,2376,100,3329,1476,496,1641,3626,1584,1657,741,34,2999,2771,433,6969,48,52,1007,161,124,179,17,38,39,38,47,16,195,2,10,294,624,713,686,526,124,12,1267,24,2,8,1020,2069,103,544,35,3976,1176
3/1/2010,6,1,1,0,2291,3727,208,439,561,23,374,41,148,14,2625,125,3720,1526,543,1915,4023,1910,1855,797,50,3435,3149,488,7710,39,70,1153,220,148,211,35,28,64,31,35,27,167,13,4,363,709,738,739,515,142,9,1286,28,13,21,1106,2470,127,590,48,4819,1285
4/1/2010,7,5,0,1,1950,3071,188,348,446,18,293,41,133,19,2161,110,3469,1299,458,1656,3488,1558,1729,735,51,2925,2830,495,7278,52,63,1410,155,81,175,23,27,78,50,47,17,137,17,5,284,655,740,800,533,129,8,1458,17,13,16,929,2147,77,605,40,4649,1372
5/1/2010,5,3,1,1,2042,3091,171,360,414,25,337,25,142,13,2380,134,3556,1424,484,1838,3812,1771,1715,837,43,3322,2833,493,6979,53,66,1326,208,136,208,15,38,52,67,39,17,62,8,4,340,654,704,799,493,119,4,1295,27,18,12,928,2130,74,500,33,4586,1182
6/1/2010,9,4,0,0,1974,2999,170,392,394,32,281,25,135,14,2281,105,3381,1330,481,1789,3736,1845,1516,672,39,3428,2737,465,7023,53,65,1148,176,95,197,19,15,94,96,22,15,60,4,2,349,719,703,684,480,105,5,1209,30,17,12,942,2198,94,469,36,4645,1086
7/1/2010,7,5,4,0,1962,2899,194,339,402,26,296,39,119,8,2281,100,3080,1298,425,1694,3499,1766,1625,610,50,3059,2690,472,7608,43,56,1178,175,30,149,11,54,48,119,15,17,49,7,5,314,572,638,688,478,138,33,1363,19,22,11,886,2177,113,563,33,4692,1138
8/1/2010,7,5,1,1,2004,3276,178,369,443,30,254,52,120,8,2439,110,3324,1427,445,1612,3911,1622,1577,650,57,2905,2743,503,7797,37,70,1246,171,51,177,11,60,79,89,42,29,46,8,1,332,645,668,707,442,99,30,1071,26,33,16,1021,2056,103,469,30,4061,1257
9/1/2010,5,1,0,1,2087,3223,184,375,434,18,265,41,122,6,2457,117,3343,1322,426,1568,3489,1676,1661,615,42,2989,2795,509,7826,26,72,1155,209,96,200,5,37,55,116,28,17,93,6,0,327,571,677,758,495,111,27,1420,24,21,11,993,2147,109,524,35,4446,1120
10/1/2010,8,2,0,1,2196,3376,192,358,409,26,236,35,111,3,2512,120,3477,1441,409,1580,3793,1671,1798,732,52,2759,2745,490,8274,47,65,1189,208,142,180,12,29,44,65,28,15,60,12,1,354,684,742,856,478,133,42,1481,16,36,19,1069,2341,101,595,54,4427,1171
11/1/2010,10,2,0,0,2205,3425,186,439,434,26,255,30,119,8,2503,110,3481,1519,483,1572,3611,1569,1760,676,42,2833,3033,427,7721,35,55,1192,178,116,183,15,34,46,84,32,13,203,8,0,332,685,735,647,498,129,13,1336,19,24,12,1050,2153,90,568,35,4726,1178
12/1/2010,4,4,0,1,2604,3558,273,354,401,29,247,55,125,4,2505,112,3402,1437,557,1573,3669,1919,1909,807,44,2685,3185,492,7662,46,80,1136,209,55,201,25,49,53,142,25,38,113,8,2,349,663,787,1041,632,138,30,2229,11,16,20,1110,2679,108,785,43,5144,1579
1/1/2011,7,8,0,2,2821,3434,286,335,486,20,321,34,116,9,2734,121,3649,1406,512,1688,4122,1703,1963,834,46,3166,3358,533,8109,48,71,1379,227,135,238,7,9,52,108,32,22,149,5,5,384,723,822,963,692,152,5,1672,40,16,17,1178,2689,107,767,39,4929,1698
2/1/2011,9,6,0,0,2269,3272,215,321,501,26,223,40,87,6,2644,134,3231,1375,453,1627,3621,1617,1616,673,56,2925,2990,494,6738,29,57,1334,217,107,250,9,22,55,65,25,20,171,6,4,346,690,769,747,501,115,2,1160,28,16,15,1113,2486,84,551,60,5208,1093
3/1/2011,8,4,1,0,2387,3528,253,454,621,43,312,31,135,9,2867,126,3480,1510,616,1721,4129,1805,1821,791,87,3414,3378,480,7344,37,64,1338,227,154,262,9,32,81,72,20,19,263,10,5,311,753,798,779,537,152,10,1440,23,23,14,1178,2890,114,565,41,5990,1247
4/1/2011,9,1,0,0,2152,3020,203,311,435,26,252,43,145,16,2214,112,3347,1449,492,1618,3922,1730,1669,694,57,2994,2869,488,7019,45,71,1486,245,136,217,8,22,54,42,20,15,101,8,1,338,605,701,893,508,121,10,1713,28,9,26,1010,2899,80,567,44,5302,1277
5/1/2011,8,5,1,1,2045,2916,204,329,515,44,233,37,150,10,2395,115,3522,1485,487,1819,4152,1960,1701,719,78,3509,3057,481,6869,32,62,1358,222,39,233,12,48,95,108,20,17,69,7,7,328,649,708,730,496,146,15,1407,28,9,22,1032,2613,109,517,28,4992,1086
6/1/2011,2,4,0,0,2014,2998,192,361,487,36,230,33,124,8,2422,107,3243,1382,563,1590,4000,1874,1552,692,59,3165,2791,486,6858,30,76,1324,207,36,234,5,43,123,71,10,19,78,6,3,314,653,702,682,423,156,17,1262,32,11,17,994,2830,98,561,47,5213,1086
7/1/2011,8,1,0,0,2104,2827,212,362,348,24,201,16,105,12,2250,117,2917,1318,459,1438,3907,1729,1567,622,61,2931,2632,482,7206,36,70,1290,244,47,219,6,39,57,50,18,14,44,9,3,356,637,669,720,453,131,7,1248,17,8,10,989,2548,102,508,42,4767,1050
8/1/2011,9,4,0,1,2088,2976,173,458,477,36,227,16,94,7,2553,143,3045,1331,508,1452,3843,1633,1668,609,59,3187,2887,486,7229,36,70,1297,250,37,234,37,23,68,106,22,44,68,11,3,356,680,694,597,466,131,13,1248,27,4,19,1023,2415,106,476,43,5131,1118
9/1/2011,3,3,0,1,2030,3025,177,435,494,31,259,28,140,8,2441,88,3282,1368,460,1631,3859,1744,1778,663,52,3083,2812,571,7433,61,65,1252,262,95,228,31,64,80,73,35,25,59,9,2,328,677,751,686,448,131,7,1510,27,7,22,1024,2593,88,507,30,5117,1101
10/1/2011,10,2,0,1,2261,3183,206,397,561,25,216,29,114,6,2384,101,3301,1538,490,1598,4411,1528,1816,678,57,2809,3015,504,7737,44,58,1193,204,102,204,10,27,56,91,26,23,88,5,3,331,602,744,758,436,162,5,1236,21,6,19,1013,2888,78,563,45,5373,1311
11/1/2011,13,4,0,1,2367,2958,151,404,548,33,247,39,127,3,2393,115,3337,1320,446,1705,4014,1559,1839,685,42,3009,2839,536,7019,25,40,976,217,78,152,11,27,49,58,24,15,98,9,4,340,493,680,419,305,153,15,780,33,2,20,1094,2412,81,400,38,1547,808
12/1/2011,7,5,0,0,2369,3222,223,316,405,39,253,50,159,5,2355,95,3194,1599,542,1701,4207,1912,1885,824,52,3131,3089,590,7551,40,57,1288,278,82,217,9,7,66,106,39,16,124,8,25,349,647,780,725,507,141,23,1555,27,1,25,1019,2861,75,639,40,3691,1299
1/1/2012,7,0,0,2,2616,3161,229,360,470,23,239,32,118,9,2614,98,3300,1543,550,1654,4176,1701,2111,802,66,3500,3305,607,7945,47,69,1154,305,138,250,7,10,45,38,19,17,149,4,10,347,737,856,789,502,148,14,1218,25,2,23,1127,2766,68,623,36,4649,1734
2/1/2012,6,2,1,1,2236,3082,193,389,515,27,240,22,124,9,2549,94,3324,1347,535,1594,3875,1767,1875,600,43,3356,2917,441,6455,36,75,1207,255,48,236,13,17,58,108,13,19,144,9,2,366,647,732,604,409,140,12,1240,34,9,17,1103,2419,51,481,31,4296,1230
3/1/2012,4,2,0,2,2275,3242,176,380,483,23,271,39,141,5,2587,94,3389,1307,495,1760,4434,2000,1813,770,45,3462,3115,548,6953,49,54,1194,286,221,293,40,25,72,126,31,40,209,5,2,379,621,820,718,361,131,13,1155,27,1,27,1083,2493,37,530,30,5540,1088
4/1/2012,4,5,0,0,2258,2918,203,336,424,26,242,43,131,5,2361,99,3417,1524,504,1643,4085,1779,1760,770,45,3244,2884,587,6780,48,77,1409,299,114,264,8,31,37,75,46,17,89,7,8,376,708,734,686,417,148,25,1082,34,3,28,995,2552,87,542,32,4333,1372
5/1/2012,8,3,0,2,2080,2839,145,443,411,31,250,43,97,9,2508,108,3358,1391,584,1514,4052,2014,1786,648,52,3834,2991,624,6390,38,72,1499,277,86,267,17,30,45,84,51,21,71,11,13,419,710,666,587,359,129,7,996,35,12,20,1095,2463,73,474,34,6273,1245
6/1/2012,4,2,0,3,1950,2595,182,404,378,20,228,42,110,7,2165,104,3034,1208,553,1355,3562,1856,1574,623,33,3599,2622,499,6356,39,74,1264,318,88,232,19,170,210,105,36,15,52,4,7,335,661,678,601,385,129,5,1299,29,8,20,963,2466,60,522,35,5748,1149
7/1/2012,9,1,1,0,2165,2663,156,325,399,20,191,18,121,9,2331,107,3174,1278,501,1476,3508,1755,1734,640,58,3550,2726,523,6922,42,73,1521,343,161,268,20,16,50,81,23,14,47,5,4,403,701,689,632,371,126,7,1233,28,11,15,1003,2428,60,489,39,5046,1026
8/1/2012,6,1,0,1,2232,2835,185,475,489,41,210,43,109,15,2724,108,3456,1261,542,1345,3673,1686,1712,624,49,3491,2792,665,6950,59,61,1321,286,88,250,14,133,63,165,19,21,47,4,6,379,679,725,570,331,162,9,1106,36,19,18,1041,2245,42,438,39,4415,1167
9/1/2012,9,4,0,0,2236,2935,168,385,478,28,213,24,131,13,2548,120,3533,1305,563,1422,3767,1748,1620,641,46,3804,2764,738,7007,54,69,1255,359,228,253,17,17,99,102,25,16,51,7,1,434,645,732,614,381,163,9,1078,28,19,11,1071,2516,74,480,27,3926,1207
10/1/2012,5,0,0,0,2301,2956,168,426,528,26,263,33,125,12,2668,93,3775,1446,688,1596,4275,1843,1951,658,52,4103,2876,665,7170,56,66,1239,344,73,297,18,12,87,185,29,12,71,9,7,413,740,823,565,315,179,2,924,45,13,26,1094,2756,66,424,36,4413,1214
11/1/2012,5,4,1,1,2467,3014,185,509,635,32,229,23,107,11,2691,89,3470,1368,629,1491,3907,1873,1935,635,44,4129,2963,580,7012,50,58,1409,327,183,307,20,23,60,186,31,23,136,8,9,387,730,820,642,367,137,2,1295,23,1,16,1107,2759,68,533,53,5353,1340
12/1/2012,6,2,1,1,2734,3326,244,357,499,27,205,20,105,10,2513,97,3388,1306,590,1432,3783,1994,2013,689,29,3586,2916,579,6808,88,69,1416,342,180,316,13,72,47,117,46,26,155,7,7,456,709,764,831,494,176,20,1915,14,1,16,1182,2819,67,631,43,4662,1658
1/1/2013,8,5,0,0,2767,2988,247,378,460,18,246,31,103,10,2669,121,3403,1354,594,1429,3903,1760,2163,653,40,4486,3305,756,6999,58,71,1283,357,273,309,11,12,42,61,78,22,154,9,8,405,717,821,691,450,179,9,1317,34,1,17,1220,2766,85,685,53,5443,1725
2/1/2013,9,3,0,0,2188,2806,217,376,475,18,196,20,100,5,2472,104,2903,1061,498,1261,3491,1843,1682,620,37,3918,2721,383,5835,69,46,1133,279,122,294,17,91,66,129,60,12,142,6,8,341,634,660,571,311,170,5,1058,31,5,30,1102,2522,65,510,39,4567,1135
3/1/2013,7,1,0,1,2605,3202,234,365,577,29,237,18,124,14,2686,99,3111,1241,637,1422,3756,1991,1726,693,27,4355,3030,522,6557,63,53,1424,341,275,329,15,25,67,109,37,31,202,7,3,420,691,818,747,443,178,7,1261,45,2,23,1149,2901,92,574,54,5720,1284
4/1/2013,11,1,0,0,2119,2641,210,349,478,22,213,27,102,3,2253,105,2860,1373,554,1277,3812,1784,1692,629,49,4085,2794,481,6572,58,54,1122,289,167,277,13,51,71,200,36,29,119,7,8,359,622,766,564,368,132,11,1049,34,4,13,1082,2746,77,515,42,6167,1176
5/1/2013,3,2,1,0,2116,2777,197,413,599,22,229,29,135,10,2428,98,2950,1309,570,1317,3702,2005,1735,578,34,4420,2850,558,6638,49,60,1360,309,71,300,13,17,133,86,97,26,58,9,6,420,791,713,572,304,146,5,999,53,7,21,1052,2820,67,462,41,7067,1234
6/1/2013,4,5,0,0,2111,2717,186,335,511,23,190,25,136,6,2344,76,2738,1256,536,1484,3986,1869,1671,604,34,4490,2531,541,6269,38,55,1249,316,85,285,7,31,56,97,26,30,35,15,13,400,669,743,612,333,151,10,1002,28,7,16,1000,2791,65,480,43,5685,1178
7/1/2013,9,4,0,0,2101,2529,180,360,459,28,203,30,105,10,2347,86,2708,1285,521,1309,3814,1944,1754,589,44,4474,2666,567,6261,54,62,1429,357,107,285,16,13,65,122,21,14,58,6,6,365,907,663,513,290,150,8,905,40,4,17,985,2537,54,431,27,4836,1138
8/1/2013,6,2,0,0,2169,2805,230,416,555,23,201,35,121,5,2512,101,2992,1189,589,1358,3691,1825,1847,540,52,4288,2641,691,6369,59,71,1363,347,57,293,10,13,116,272,15,23,52,7,9,398,892,699,623,345,166,7,1134,50,5,20,1123,2565,67,502,50,5811,1237
9/1/2013,8,3,0,0,2286,2768,210,419,561,24,169,30,126,7,2422,120,2927,1189,580,1296,3813,1680,1799,535,35,3514,2897,717,6361,68,53,1159,329,196,275,32,19,95,114,34,21,65,7,4,346,869,733,580,282,149,5,1265,46,2,15,1065,2636,60,408,43,5329,1096
10/1/2013,12,5,0,0,2483,2794,232,445,565,19,188,34,123,7,2444,107,2950,1169,572,1216,3738,1671,1809,561,41,3901,2903,725,6112,45,77,1271,299,76,304,40,18,63,104,30,32,91,9,5,352,951,730,604,340,161,10,1231,40,5,6,1109,2762,49,552,41,7005,1465
11/1/2013,6,5,1,0,2482,2882,200,453,543,21,212,21,103,7,2441,103,2842,1035,664,1294,3581,1633,1837,584,32,4495,2837,444,5976,57,62,1321,357,214,307,10,29,110,182,21,18,121,9,5,429,1038,705,601,331,190,6,1531,38,1,13,1056,2656,60,565,43,6818,1367
12/1/2013,12,2,1,1,2994,3166,311,411,574,17,182,25,116,10,2602,102,2890,1137,575,1288,3481,1829,1928,585,38,3872,2851,475,6278,78,54,1411,377,183,286,35,9,107,112,30,9,128,12,6,458,934,787,739,505,160,7,1874,40,1,25,1140,2935,79,711,58,6278,1550
1/1/2014,8,0,0,0,2852,2912,265,395,523,28,173,19,102,14,2823,113,3019,1048,631,1326,3582,1763,2138,621,43,4450,3109,570,6498,68,59,1507,404,293,320,24,49,95,133,41,30,152,9,3,439,984,814,683,486,161,9,1315,60,4,19,1207,2752,48,750,47,7313,1720
2/1/2014,6,1,0,1,2367,2600,202,420,637,31,158,33,116,5,2452,116,2804,1049,561,1181,3230,1603,1797,462,39,3951,2559,417,5383,48,68,1414,358,74,305,40,54,71,185,64,23,260,13,3,399,983,784,509,336,166,7,914,54,3,15,1155,2454,44,506,42,6359,1195
3/1/2014,6,5,0,0,2689,2990,223,453,689,32,174,20,80,13,2717,139,3070,1007,655,1268,3678,1748,1847,605,41,4582,2800,457,6008,58,54,1382,390,266,365,20,14,56,112,46,28,185,3,3,419,971,792,635,396,209,11,1208,49,9,22,1156,3026,53,615,41,6841,1315
4/1/2014,8,4,0,2,2300,2439,230,382,481,19,158,28,108,9,2218,95,2896,1013,666,1170,3227,1533,1637,553,40,4094,2590,401,5479,77,71,1702,457,137,299,20,6,49,126,66,27,110,9,3,394,912,659,524,380,140,6,1311,40,25,16,1064,2562,51,600,45,6749,1299
5/1/2014,6,1,0,0,2253,2650,206,463,566,27,166,12,119,6,2380,91,2814,1138,626,1189,3670,1793,1830,476,39,4307,2770,422,5466,63,75,1650,453,63,307,20,16,79,100,32,27,69,6,9,408,930,702,522,343,150,11,985,43,26,10,1060,2629,57,493,50,6978,1171
6/1/2014,6,0,0,0,2102,2319,173,422,531,23,149,19,115,7,2198,87,2832,1084,583,1152,3709,1721,1742,455,38,4049,2567,398,5383,66,74,1543,386,77,239,57,37,84,151,23,30,51,5,1,358,979,688,431,290,188,19,1159,37,72,7,975,2545,42,449,69,6385,1179
7/1/2014,9,2,0,1,2119,2301,180,425,491,21,159,24,83,9,2221,96,2420,983,570,1103,3422,1837,1876,437,44,3886,2552,493,5653,66,68,1579,523,144,270,22,19,55,182,26,28,62,10,3,400,1059,706,474,293,153,7,1000,39,46,6,1012,2518,67,452,49,6146,1151
8/1/2014,5,0,1,0,2232,2438,205,421,525,15,172,36,102,3,2345,115,2605,1026,632,1214,3444,1687,1673,445,34,4029,2473,509,5343,82,59,1502,476,100,268,19,5,88,341,67,26,48,11,7,396,1059,747,505,350,153,2,1014,42,15,17,1088,2966,48,510,52,5876,1030
9/1/2014,16,1,0,1,2334,2481,196,390,450,25,170,20,95,4,2571,111,2905,1216,585,1237,3747,1669,1946,479,49,3813,2639,492,5692,71,84,1404,432,200,252,26,57,151,223,45,17,62,10,4,408,995,710,430,293,157,9,886,36,12,11,1031,2333,70,477,43,6830,1100
10/1/2014,4,3,0,0,2501,2823,201,423,555,17,147,40,108,10,2638,100,2936,1050,620,1363,4003,1685,1931,527,50,3835,2759,481,5791,94,71,1632,516,138,267,22,11,48,187,28,17,89,4,2,442,1051,821,512,352,196,16,867,39,14,9,1149,2785,86,545,41,8559,1264
11/1/2014,11,3,0,0,2653,2919,200,420,570,34,149,24,87,16,2648,119,2851,1024,649,1333,3513,1717,2035,552,42,4077,2741,535,5763,123,59,1352,474,365,246,31,16,58,235,112,25,110,6,2,381,933,766,534,365,189,4,1097,43,26,12,1180,2821,70,505,37,7127,1296
12/1/2014,10,2,0,0,2795,2887,237,387,500,17,162,24,83,10,2589,110,2825,1152,697,1352,3500,1827,1940,527,47,4056,2693,456,5727,110,56,1443,477,110,257,15,14,71,211,43,17,185,6,2,393,996,777,654,418,182,14,1495,42,7,15,1297,3053,52,646,52,9162,1570
1/1/2015,6,1,1,0,2808,2731,264,385,472,27,159,13,81,8,2770,116,2963,1006,721,1369,3329,1639,2055,586,41,4928,2777,426,5963,77,65,1428,577,266,298,17,27,64,153,33,10,148,9,3,419,966,786,634,432,217,8,1333,35,16,18,1367,3379,51,650,31,10886,1689
2/1/2015,5,5,0,1,2393,2653,201,365,537,22,140,11,84,9,2474,88,2726,969,628,1146,3149,1675,1825,481,46,4157,2409,349,5115,88,69,1498,467,304,322,23,14,59,156,56,26,161,3,2,398,886,771,483,351,160,4,827,45,14,10,1199,2803,51,464,49,9381,1214
3/1/2015,9,3,2,1,2534,2811,219,470,643,26,159,20,89,6,2718,101,2834,1105,704,1325,3463,1965,1987,532,32,4431,2814,472,5378,101,73,1498,562,117,330,39,34,54,180,48,29,230,10,5,450,905,841,507,369,236,5,853,59,28,7,1175,3296,70,572,36,9571,1280
4/1/2015,10,9,0,1,2225,2352,206,355,527,13,137,18,83,9,2280,103,2624,1236,626,1226,3754,1814,1742,495,29,4206,2418,342,5027,119,79,1741,553,115,291,18,17,61,183,35,15,119,8,2,450,883,685,465,349,155,19,936,31,9,10,1037,2971,66,534,32,10597,1246
5/1/2015,4,1,0,1,2313,2488,206,405,593,24,156,22,95,12,2449,101,2681,1086,747,1226,3607,1955,1752,437,50,4594,2485,350,5094,107,76,1695,595,137,353,50,64,64,141,51,33,68,14,2,442,994,742,469,347,182,2,883,44,9,10,1167,3132,65,533,33,11135,1160
6/1/2015,5,0,0,0,2186,2273,186,398,585,23,131,14,92,8,2361,122,2424,1068,709,1191,3346,1912,1614,435,39,4477,2328,374,4961,77,82,1515,596,90,331,11,46,69,188,60,39,66,14,3,475,954,783,399,299,173,2,907,43,9,14,1026,2992,57,514,50,10876,1220
7/1/2015,5,0,0,0,2136,2261,171,446,545,14,116,5,76,14,2330,78,2455,914,720,1120,3220,1850,1681,407,40,4033,2274,394,5163,101,69,1821,660,207,354,36,27,44,281,29,37,58,6,4,508,1058,814,427,277,182,2,975,48,7,21,1065,3045,80,464,32,10720,1234
8/1/2015,4,1,0,2,2301,2445,207,419,521,22,95,16,73,13,2477,117,2434,922,672,1078,3125,1735,1637,439,37,4133,2305,493,5329,105,71,1688,615,116,268,41,160,56,185,55,31,55,12,1,463,986,750,484,299,195,4,861,58,8,17,1139,3235,40,508,38,9935,1128
9/1/2015,5,1,2,0,2226,2350,172,444,577,24,110,12,73,18,2444,104,2522,938,614,1011,3210,1904,1636,422,41,3975,2300,461,5255,93,71,1533,557,157,306,22,28,46,208,45,24,54,5,0,456,1062,749,452,301,158,6,822,54,11,21,1124,3133,41,434,60,9098,1200
10/1/2015,9,2,0,2,2507,2737,223,454,612,12,136,13,72,20,2765,130,2574,872,629,1125,3162,1745,1807,483,49,4306,2496,516,5552,121,72,1697,568,250,350,61,39,104,174,65,25,44,6,4,476,1073,868,520,353,198,4,915,55,4,19,1340,3003,63,543,40,9332,1406
11/1/2015,5,2,2,0,2730,2875,192,468,612,25,106,19,74,9,2749,133,2593,863,647,1173,3273,1789,1824,499,32,4425,2500,404,5516,137,67,1609,568,255,314,34,15,57,94,57,24,134,10,2,411,1070,778,508,318,181,4,943,63,4,26,1323,2782,72,566,52,8629,1276
12/1/2015,6,3,0,1,2756,2883,225,379,572,20,124,15,60,11,2631,121,2801,928,764,1124,3308,2091,1906,503,43,4385,2620,452,5682,127,63,1706,612,166,325,37,6,57,218,63,31,112,16,9,473,1082,898,567,385,207,5,1056,47,3,14,1211,3375,69,633,73,9107,1523
1/1/2016,4,3,0,1,2720,2741,256,392,528,26,111,9,64,12,2740,107,2726,1029,726,1260,3262,1925,1846,502,41,4201,2531,450,5704,108,71,1534,644,408,300,40,5,49,120,61,21,154,5,5,404,1110,944,606,395,207,47,986,40,2,20,1407,3716,73,704,46,9704,1589
2/1/2016,2,1,1,1,2523,2792,191,473,605,22,116,8,73,14,2713,123,2593,958,748,1146,3220,1907,1693,433,54,4307,2662,410,5191,65,77,1525,573,198,375,25,36,75,221,70,29,194,6,2,446,1120,874,430,329,209,38,977,51,2,16,1314,3270,95,509,49,8979,1318
3/1/2016,9,3,0,0,2700,2868,238,538,684,19,120,18,70,5,2698,125,2616,1072,735,1093,3574,1872,1845,482,63,4285,2680,454,5564,78,54,1675,620,163,297,37,40,87,247,40,18,140,4,4,455,1035,901,509,373,201,30,800,53,2,18,1408,3560,49,609,54,9238,1256
4/1/2016,6,4,0,0,2285,2655,198,395,540,18,125,7,77,9,2463,102,2452,965,746,1033,3603,1923,1680,403,39,4841,2603,478,5027,81,76,1660,636,212,338,25,105,63,220,27,20,82,5,1,483,1048,901,447,324,205,5,997,45,3,16,1268,3489,61,537,44,9687,1249
5/1/2016,2,1,0,1,2257,2562,172,399,550,22,116,17,69,5,2426,106,2421,969,769,986,3424,1991,1729,390,41,4716,2572,472,4980,110,74,1589,611,118,340,36,53,72,169,43,21,73,8,11,442,1093,812,417,273,168,2,820,48,2,19,1245,3495,55,488,45,9098,1123
6/1/2016,3,3,0,1,2167,2263,150,420,596,28,97,20,62,5,2190,80,2290,977,736,1052,3457,2093,1652,388,35,4381,2291,375,4578,83,87,1556,646,145,360,44,30,71,206,45,26,45,5,7,419,1094,715,403,293,175,6,874,50,3,18,1129,3346,53,464,36,9510,1162
7/1/2016,5,3,0,1,2227,2349,164,393,476,23,119,14,65,12,2357,91,2402,888,648,1052,3416,1994,1665,366,34,4134,2276,475,5063,120,87,1569,636,299,367,21,44,58,207,58,33,63,3,4,471,980,874,457,243,146,25,985,40,8,21,1163,3274,57,472,64,10375,1102
8/1/2016,6,3,0,0,2174,2375,170,460,572,12,103,8,53,11,2591,101,2435,961,687,1069,3312,1934,1846,378,43,4045,2379,447,4937,96,68,1567,703,117,382,38,21,65,256,46,27,79,3,4,453,1012,793,365,272,191,10,730,69,1,15,1209,3477,50,405,52,11285,1183
9/1/2016,9,3,1,1,2276,2520,184,374,590,23,104,13,73,11,2514,98,2418,910,670,1025,3343,1921,1771,387,31,4054,2227,424,5315,126,81,1499,583,179,363,45,15,49,142,24,14,61,6,4,431,1022,816,403,262,193,2,772,55,13,11,1294,3485,69,494,53,10417,1067
10/1/2016,8,0,1,0,2460,2723,173,490,594,13,115,11,68,9,2673,117,2577,1073,673,1174,3375,1777,1893,360,42,3878,2358,530,5511,110,80,1558,620,268,389,58,30,86,175,104,24,72,3,2,448,1152,822,470,288,210,6,892,45,8,15,1297,3554,58,500,52,9645,1302
11/1/2016,8,2,0,0,2543,2855,185,517,633,19,126,13,80,10,2735,108,2415,961,703,1133,3360,1982,1871,394,52,4285,2516,522,5264,165,85,1448,577,250,375,54,48,174,181,52,23,132,5,9,436,1044,869,452,289,190,5,957,44,2,14,1408,3663,56,531,50,10999,1257
12/1/2016,6,2,0,2,2815,3050,244,409,577,13,110,28,74,8,2628,107,2374,942,653,1087,3126,2224,1855,477,43,3783,2514,562,5675,183,81,1661,626,248,332,33,22,48,200,93,31,100,6,11,480,1070,940,553,401,206,12,1207,43,5,17,1386,4012,66,720,46,11126,1553
1/1/2017,5,0,0,1,2866,2874,269,470,673,19,133,10,66,4,2700,121,2680,945,685,1262,3353,1907,1929,431,35,3947,2697,538,5730,142,57,1594,554,469,352,48,31,59,135,47,21,106,3,5,404,1009,938,553,359,206,18,1138,44,9,22,1440,3764,75,703,37,10087,1606
2/1/2017,6,0,0,0,2463,2702,174,538,704,22,112,14,56,5,2445,105,2299,906,581,1067,2954,1875,1614,336,33,3901,2225,455,4926,111,88,1287,481,173,318,36,19,38,142,59,19,114,7,6,392,905,762,415,246,177,5,952,54,12,15,1248,3228,62,473,43,11057,1106
3/1/2017,5,4,1,0,2522,2935,200,577,673,18,140,10,69,8,2731,112,2514,979,631,1208,3645,2170,1696,394,54,4422,2391,405,5300,120,94,1414,549,257,362,48,123,66,179,54,18,145,4,1,436,1047,838,442,254,197,2,859,56,9,12,1256,3676,46,479,66,11500,1140
4/1/2017,3,2,0,1,2204,2608,214,419,495,18,120,8,55,13,2244,51,2363,842,586,1175,3600,1999,1557,416,25,3844,2119,446,5023,151,58,1633,514,161,363,32,23,48,83,53,28,78,5,1,398,944,802,424,301,176,9,972,43,15,9,1110,3438,53,526,55,10335,1273
5/1/2017,2,1,0,0,2133,2631,174,540,687,21,124,11,67,6,2455,18,2397,833,630,1160,3421,2247,1608,396,60,4467,2253,409,4922,134,102,1642,550,186,338,55,36,56,109,63,23,73,5,12,423,1076,877,352,236,171,2,866,53,1,9,1173,3582,68,421,50,12278,1167
6/1/2017,9,1,0,2,2070,2453,183,495,593,22,113,14,73,6,2499,25,2146,823,628,1000,3180,2106,1509,370,38,4106,2100,425,4722,140,69,1510,538,122,297,70,21,172,246,55,43,78,4,7,395,1041,710,367,261,194,3,715,52,5,13,1167,3483,41,464,63,11118,1163
7/1/2017,4,3,1,1,2037,2324,162,463,594,11,140,13,94,9,2289,17,2035,865,609,1051,2899,2043,1468,380,34,3894,2072,494,4774,154,90,1541,569,274,352,135,7,55,222,66,42,55,9,19,455,1081,807,422,288,168,4,776,57,3,9,1091,3326,44,473,49,10470,1116
8/1/2017,4,1,0,1,2075,2482,143,554,605,24,108,12,70,8,2573,25,2103,829,623,1015,3046,2088,1509,338,37,4215,2153,522,4636,167,67,1428,544,107,353,35,15,44,104,57,25,75,8,7,461,1035,771,399,232,179,4,811,54,5,19,1126,3417,38,432,43,11039,1177
9/1/2017,5,1,1,1,2249,2481,186,424,663,21,103,3,70,5,2445,23,2073,757,551,989,3122,1941,1563,354,27,3917,2143,676,5038,169,80,1461,536,269,378,58,19,65,230,56,27,50,4,5,445,1047,779,405,251,173,2,803,50,5,11,1119,3240,39,490,30,10086,1181
10/1/2017,4,0,0,2,2509,2906,207,536,745,12,117,13,76,10,2764,28,2386,934,697,1123,3572,2045,1634,403,44,4468,2477,631,5440,171,82,1439,511,106,332,55,14,53,159,65,23,76,6,4,410,1186,883,434,264,192,5,981,58,3,15,1237,3424,41,562,41,10738,1392
11/1/2017,1,2,0,0,2406,2847,178,529,636,11,110,13,63,10,2773,25,2511,984,621,1096,3232,2022,1703,327,46,4586,2382,447,5216,204,71,1692,544,226,412,129,30,43,133,77,30,142,6,8,466,1133,834,390,232,178,5,876,51,0,16,1328,3318,38,471,49,10385,1346
12/1/2017,4,2,0,0,2951,2977,245,495,559,22,131,10,91,3,2820,17,2329,875,695,1068,3053,2112,1765,409,33,4080,2424,447,5465,245,86,1492,609,329,410,95,10,39,173,92,32,120,5,2,429,1121,866,543,323,203,21,1386,37,5,18,1428,3943,34,694,51,10435,1505
1/1/2018,5,1,1,2,2846,2867,255,480,609,18,142,15,77,8,2939,24,2617,923,735,1140,3415,2084,1871,419,34,4593,2621,563,5647,218,94,1442,602,513,373,41,16,55,89,51,33,117,2,10,465,1267,917,540,278,218,4,978,56,5,13,1446,3829,56,636,55,10008,1596
2/1/2018,6,0,0,1,2329,2754,185,471,648,16,115,10,80,11,2765,21,2118,783,570,1043,3230,1955,1520,346,35,4006,2274,397,4645,159,83,1260,562,276,405,33,10,38,208,67,19,173,2,5,431,1025,852,373,228,174,1,897,59,2,11,1390,3673,46,502,50,8722,1175
3/1/2018,5,3,0,0,2561,3042,227,572,736,16,146,8,85,5,2847,25,2307,904,651,1155,3318,1986,1656,397,32,3998,2279,463,4943,214,93,1583,604,229,432,47,21,163,174,102,39,122,18,2,472,1183,918,422,257,213,7,1106,64,2,18,1356,3806,48,557,50,10213,1354
4/1/2018,4,1,0,2,2336,2562,225,477,622,19,119,17,53,14,2337,48,2294,928,704,1163,3209,1956,1621,364,32,4110,2244,395,4710,138,80,1522,608,263,410,47,10,61,122,41,25,98,9,9,444,1069,816,416,254,189,13,941,46,6,20,1231,3523,50,544,47,10002,1246
5/1/2018,6,1,0,0,2185,2528,172,587,705,16,98,19,62,12,2416,90,2337,856,789,1148,3343,2199,1680,365,37,4942,2181,423,4602,203,96,1513,622,139,367,82,20,124,272,52,78,90,6,4,458,1192,692,315,217,169,21,782,52,2,13,1218,3438,59,474,58,11841,1219
6/1/2018,6,1,0,1,2238,2401,164,530,635,16,129,16,58,13,2494,94,2078,751,628,973,2898,2010,1403,332,36,4349,1930,365,4502,189,84,1424,579,135,371,71,7,47,90,21,37,53,4,5,479,1182,722,335,232,194,2,977,60,3,5,1272,3306,38,435,42,9919,1065
7/1/2018,6,2,1,2,2255,2289,168,406,627,16,127,11,75,10,2451,85,2111,804,660,987,2903,2093,1553,278,40,4322,2124,508,4641,160,76,1356,581,197,389,65,70,126,192,55,27,69,5,16,511,1170,882,319,190,182,12,946,57,0,21,1194,3171,28,436,42,9157,1049
8/1/2018,11,4,0,0,2303,2473,176,485,685,12,108,12,71,13,2612,71,2033,795,672,1015,2945,2006,1507,264,37,4360,2141,551,4792,233,88,1532,680,132,472,86,132,64,255,33,69,65,11,4,510,1298,782,349,170,180,6,922,54,1,11,1265,3353,52,440,54,10042,1148
9/1/2018,4,4,0,2,2304,2625,219,452,576,21,133,19,89,9,2651,104,2103,808,563,1019,2889,2152,1487,315,38,4244,2250,506,4825,224,93,1334,562,299,468,106,9,45,82,40,28,61,3,4,508,1285,853,414,214,183,10,916,60,0,12,1280,3306,34,543,54,8661,1214
10/1/2018,7,2,0,0,2501,2593,209,465,664,17,110,14,68,7,2841,91,2162,931,608,1137,3418,2132,1633,335,36,4648,2274,427,5196,156,95,1230,544,76,375,42,23,52,133,26,19,67,4,1,466,1291,822,365,230,191,4,843,59,1,14,1343,3596,37,490,42,8487,1101
11/1/2018,4,0,0,0,2563,2822,221,558,786,18,131,7,60,7,2970,98,2225,859,726,1182,3368,2101,1656,338,33,4457,2333,389,4967,220,76,1468,601,277,549,67,8,50,126,50,38,122,3,4,489,1173,881,380,222,212,7,956,74,2,14,1454,3484,52,469,46,8808,1206
12/1/2018,11,0,0,1,3298,2940,255,462,646,22,137,8,64,7,3067,109,2166,886,727,1135,3179,2181,1648,360,36,4081,2368,379,5117,250,88,1593,654,323,447,93,15,162,151,76,51,116,4,8,516,1161,881,486,245,212,30,1279,54,3,16,1588,4101,36,647,61,8497,1438
1/1/2019,10,4,0,1,3073,2770,257,448,621,14,148,23,70,2,2999,114,2369,936,733,1223,3135,2253,1776,380,54,4261,2466,430,5425,190,87,1476,703,501,467,48,167,85,110,80,38,132,4,6,503,1328,958,447,243,215,44,940,38,0,17,1671,4280,48,572,94,9005,1618
2/1/2019,5,1,1,3,2551,2605,161,535,727,16,121,8,90,11,2880,100,2042,697,690,1104,3107,1954,1496,303,30,3983,2171,355,4422,170,69,1310,563,231,452,69,94,93,202,57,109,232,8,7,526,1274,854,370,215,179,11,863,52,3,18,1472,3603,29,491,159,8485,1172
3/1/2019,6,0,0,2,2637,3010,231,614,862,21,153,17,94,7,3023,115,2160,852,644,1188,3287,2364,1495,354,44,4441,2457,397,4952,169,109,1461,601,268,496,54,125,230,143,67,26,151,2,2,582,1281,889,502,207,215,24,1130,57,3,13,1483,3914,46,542,138,9910,1252
4/1/2019,5,2,0,0,2439,2618,203,470,595,21,115,11,71,3,2664,84,2069,836,723,1125,3362,2230,1566,335,22,4078,2298,396,4595,197,95,1505,631,300,396,66,330,62,103,25,29,127,4,7,535,1174,886,331,191,189,13,1035,48,0,14,1361,3942,40,501,127,9100,1242
5/1/2019,6,2,0,0,2295,2638,190,519,684,19,111,17,88,4,2947,107,2087,899,759,1132,3333,2382,1610,333,35,4616,2290,369,4343,187,82,1589,710,142,505,91,41,88,156,35,42,73,8,11,546,1469,905,339,186,189,7,1055,69,3,17,1387,3967,52,476,152,9508,1217
6/1/2019,4,2,0,1,2351,2421,198,483,598,16,94,10,67,12,2691,102,2025,726,762,1037,3193,2283,1400,309,41,3874,1981,381,4403,206,77,1491,717,161,473,53,22,101,241,32,50,54,8,20,482,1270,903,323,167,204,12,1073,59,4,10,1286,4096,42,467,131,9575,1005
7/1/2019,2,5,0,0,2363,2421,197,476,642,8,102,12,70,5,2738,108,1920,801,771,1070,3141,2468,1505,315,38,4385,2158,439,4541,199,131,1565,660,180,465,88,115,65,218,40,29,62,4,16,546,1389,847,339,175,186,10,962,58,2,10,1417,3873,34,456,157,9545,1070
8/1/2019,9,0,0,0,2502,2632,178,535,715,17,113,18,76,6,3012,102,2117,873,709,1117,3240,2324,1541,301,32,4853,2255,522,4671,224,125,1516,764,113,461,68,20,211,221,55,58,46,3,19,603,1662,876,345,163,224,3,888,81,1,14,1520,4094,58,409,179,9405,1049
9/1/2019,5,2,0,3,2528,2647,199,606,746,13,131,14,74,5,3065,104,2248,833,768,1094,3211,2211,1574,275,38,5203,2284,491,4685,232,112,1443,638,96,525,118,16,125,223,29,39,48,11,20,651,1418,908,357,175,254,3,779,68,1,12,1422,3752,48,466,171,9581,1103
10/1/2019,5,2,0,1,2676,2809,201,575,665,18,111,9,76,11,3210,100,2292,812,716,1097,3287,2237,1635,273,34,4711,2317,449,4987,208,113,1515,721,235,468,84,10,53,158,61,63,92,3,24,550,1394,981,350,177,228,4,787,47,1,15,1707,4208,52,506,138,9654,1253
11/1/2019,8,4,0,0,2779,2947,215,648,749,29,123,9,83,9,3265,106,2179,850,862,1112,3011,2090,1552,299,31,4313,2321,504,5056,214,116,1373,686,196,527,114,28,105,244,77,77,110,6,35,593,1383,906,408,223,236,6,995,68,3,30,1559,3823,55,524,155,9931,1235
12/1/2019,8,2,0,1,3155,2888,257,526,652,17,133,13,80,4,3165,106,2003,810,832,1131,2886,2265,1639,315,29,4173,2363,481,5091,306,118,1482,690,169,535,173,16,46,126,67,40,99,7,18,622,1305,954,457,213,217,9,1196,44,0,21,1779,4423,71,617,146,9543,1384
1/1/2020,7,4,1,0,3160,2675,247,514,545,20,106,11,97,9,3311,97,2257,832,802,1146,2967,2144,1793,275,20,4372,2473,331,4909,237,99,1443,753,390,538,107,14,65,90,58,69,147,8,29,523,1459,1013,411,253,221,12,957,36,2,16,1788,4228,86,575,123,8864,1331
2/1/2020,6,2,0,1,2577,2751,212,610,730,12,132,9,83,9,3243,88,2081,766,717,1098,2993,2060,1489,265,34,4148,2105,268,4318,188,121,1337,660,278,458,119,13,54,123,77,30,122,2,20,480,1284,927,331,182,215,4,787,65,3,16,1592,4219,71,502,121,8253,966
3/1/2020,4,2,0,2,2807,2581,216,570,713,9,109,12,80,6,3208,113,2017,917,752,1223,3061,1886,1565,239,33,4181,2152,343,4580,114,107,1349,644,216,525,121,27,63,190,73,54,147,3,17,478,1445,923,363,186,214,4,738,71,4,14,1666,4644,65,514,147,7119,1881
4/1/2020,4,1,0,0,2253,1612,170,347,489,13,64,9,52,10,2548,156,1414,606,779,919,2153,1074,1356,99,33,3172,1268,297,3638,118,134,1737,996,67,565,59,57,210,383,27,66,99,7,7,497,1385,881,225,138,190,1,172,51,2,10,1604,4680,62,369,162,2761,7092
5/1/2020,8,0,0,1,2455,1851,204,517,577,18,75,6,54,7,2949,107,1244,429,823,770,1722,1418,1300,99,50,3382,1254,316,3870,155,153,2278,1190,103,739,101,93,107,356,43,64,95,1,7,619,1404,907,228,179,180,2,313,70,2,19,1682,4644,45,421,176,6664,2348
6/1/2020,6,4,0,0,2633,2414,255,647,757,19,106,7,64,3,3359,105,1287,487,698,837,1846,1530,1256,163,49,3643,1360,324,4302,170,134,1831,647,88,677,75,21,96,144,43,57,84,9,27,559,1289,801,353,200,191,4,811,104,2,14,1639,4227,57,501,169,8218,1446
7/1/2020,6,0,0,0,2313,2291,200,629,624,15,89,6,62,7,3052,113,1330,490,577,842,2076,1511,1205,162,48,3622,1454,342,4425,171,106,1593,568,80,576,87,36,107,626,50,95,89,5,30,552,1163,781,293,157,172,4,616,74,0,15,1561,4120,69,478,140,5892,2355
8/1/2020,8,2,0,0,2591,2488,174,636,649,12,80,12,76,7,3291,119,1412,518,578,954,2148,1546,1267,149,26,3505,1457,354,4347,149,78,1456,558,68,513,122,62,65,329,42,56,73,12,15,499,1093,820,295,183,155,4,572,90,1,9,1631,4133,49,433,142,4708,2594
9/1/2020,6,6,0,0,2619,2554,205,639,772,17,92,8,81,3,3492,116,1478,551,587,962,2285,1654,1183,160,30,3580,1422,341,4590,165,87,1270,499,54,540,97,5,64,116,24,36,81,12,23,457,1219,758,300,142,188,5,707,105,0,12,1593,3921,66,411,138,4954,2114
10/1/2020,5,0,0,0,2794,2725,168,637,683,22,98,7,63,13,3630,115,1693,610,542,1032,2442,1624,1426,161,28,3745,1595,340,4721,200,92,1314,443,35,533,109,12,77,160,22,42,83,4,24,499,1313,760,354,152,215,9,738,84,0,16,1763,4081,57,411,122,4084,2013
11/1/2020,4,3,0,0,2914,2830,222,692,706,27,94,7,92,10,3673,121,1811,606,567,975,2383,1532,1434,203,24,3787,1707,371,4783,213,90,1168,452,40,487,152,9,85,137,16,49,79,4,27,469,1304,831,335,153,190,11,631,81,2,14,1689,4065,65,475,118,3908,1493
12/1/2020,5,3,0,0,3164,2783,249,673,662,18,101,9,64,10,3453,118,1676,575,738,974,2262,2003,1525,177,21,3733,1571,312,4842,263,115,1416,642,45,578,116,10,132,325,17,48,115,7,18,472,1155,828,419,201,195,13,1068,65,2,21,1757,4789,76,556,202,8149,1803
1/1/2021,6,2,0,0,3030,2554,253,485,574,22,111,10,72,13,3622,137,1779,649,716,1040,2462,1672,1516,207,29,3831,1629,353,4692,219,93,1462,661,35,612,94,9,54,143,6,47,107,6,7,477,1303,844,374,221,215,6,893,67,0,26,1767,4450,70,579,156,7439,4639
2/1/2021,3,3,0,1,2661,2587,188,682,709,15,87,7,47,17,3469,123,1652,579,593,919,2271,1625,1368,188,29,3973,1588,312,4112,211,82,1109,564,38,517,226,16,43,240,17,55,139,4,23,475,1189,765,312,166,216,11,833,88,1,12,1738,4236,79,451,189,6056,3469
3/1/2021,6,4,0,0,2751,2685,193,1025,970,24,85,6,68,8,3640,131,1689,639,639,998,2685,1785,1429,163,32,4187,1638,289,4400,210,101,1304,687,42,535,269,5,70,114,32,44,138,2,19,551,1348,880,331,161,203,6,690,82,6,13,1792,4525,49,435,162,7263,2780
4/1/2021,1,1,0,1,2695,2519,238,673,630,17,95,15,68,8,3248,98,1477,596,581,940,2475,1648,1306,201,27,3704,1579,305,4185,217,97,1424,672,55,556,84,23,48,160,19,40,85,1,24,518,1168,759,345,157,165,4,1033,44,1,13,1665,4551,53,461,168,7198,1252
5/1/2021,3,2,0,0,2749,2663,164,755,748,25,105,9,82,19,3705,98,1751,627,683,952,2651,1990,1402,155,27,4392,1669,354,4283,210,97,1483,698,50,572,88,8,110,280,22,30,62,4,18,517,1279,800,311,125,227,9,723,96,4,13,1902,3967,62,420,188,7467,1489
6/1/2021,5,2,0,0,2664,2347,188,739,677,20,112,14,89,6,3299,138,1511,661,722,961,2599,1945,1393,171,27,4009,1594,304,4066,201,100,1448,616,56,534,124,77,38,228,13,35,88,7,10,546,1492,765,276,147,223,2,760,78,0,15,1719,4087,94,395,172,7431,3300
7/1/2021,6,1,0,0,2407,1884,248,617,534,12,62,3,55,8,3040,324,1417,615,663,792,2278,1421,1256,107,38,3702,1296,322,3851,100,121,1480,610,25,551,82,15,92,272,11,47,76,1,8,467,1357,750,278,155,190,2,394,60,1,17,1689,3707,65,456,147,5075,17232
8/1/2021,11,0,0,0,2306,1661,215,561,480,11,50,3,43,11,3059,304,1204,562,596,712,1753,1008,1212,74,30,3455,1087,381,3354,98,112,1469,595,31,601,86,62,72,115,12,44,66,8,11,430,1195,720,223,186,157,3,198,78,2,10,1595,4218,51,516,176,4123,29599
9/1/2021,3,2,0,0,2290,1735,185,545,552,10,33,7,53,7,3049,176,1038,471,518,616,1723,897,1240,87,26,3665,1087,286,3347,93,91,1154,554,22,471,48,18,81,660,9,91,74,6,13,422,984,764,227,147,192,0,212,66,2,8,1684,4156,66,397,172,3518,16509
10/1/2021,2,0,0,1,2626,2292,232,652,601,21,68,4,34,16,3564,144,1310,534,625,755,2152,969,1410,99,22,3703,1226,299,4185,223,124,1371,645,27,551,100,50,112,171,8,46,87,6,37,531,1199,742,327,159,203,6,643,75,1,3,1837,4413,73,497,201,5466,6043
11/1/2021,4,1,0,0,2839,2633,251,834,819,15,65,4,58,9,3817,114,1533,635,641,888,2222,1264,1459,145,14,3756,1415,288,4225,252,104,1200,573,33,562,95,27,39,223,15,28,72,5,16,464,1154,784,328,122,216,6,934,82,2,18,1934,4554,76,488,179,6254,3184
12/1/2021,2,1,1,0,3114,2798,239,609,610,15,87,4,53,5,3662,118,1518,591,624,923,2466,1759,1445,184,20,3551,1524,290,4594,308,95,1307,532,115,521,128,98,62,380,18,42,87,4,13,497,1172,805,416,175,214,2,1094,67,1,18,1898,4290,72,526,149,6410,3818
1/1/2022,11,0,0,0,3015,2314,257,527,516,12,74,13,65,11,3548,108,1632,718,590,1040,2466,1516,1391,162,26,3479,1562,264,4355,175,99,1232,496,83,439,47,6,39,196,7,24,104,5,6,390,1114,822,329,170,220,18,1141,72,1,13,2058,4776,95,543,150,5912,3262
2/1/2022,5,4,0,0,2690,2493,199,708,638,19,70,4,61,7,3460,93,1476,614,643,935,2227,1508,1293,131,20,3571,1410,239,3852,208,86,1153,447,26,428,90,80,49,237,6,26,133,3,18,440,983,752,281,135,203,17,1173,90,3,13,1791,4087,84,474,149,6056,2920
3/1/2022,8,3,0,1,2947,2782,233,811,802,23,73,11,69,17,3831,102,1579,632,617,1080,2457,1663,1245,177,23,3933,1458,297,4104,211,116,1409,582,94,523,79,28,57,173,21,37,102,2,17,444,1119,806,285,117,227,2,781,120,2,17,1924,4652,100,531,164,5153,2475
4/1/2022,4,1,0,1,2604,2417,219,631,645,21,75,5,60,16,3290,101,1671,540,615,1019,2149,1562,1162,171,21,3511,1456,300,3971,224,92,1307,566,81,496,132,14,62,147,15,40,71,5,6,398,1161,828,331,139,212,10,1071,52,0,11,1851,4388,91,467,122,4499,1876
5/1/2022,4,1,0,1,2666,2566,198,780,730,9,77,10,52,24,3434,102,1546,564,667,953,2171,1730,1274,164,17,4060,1601,227,3833,201,107,1272,543,40,534,139,18,53,145,19,37,51,2,13,474,1107,776,280,132,185,2,662,118,1,19,1828,4542,61,417,238,6481,1525
6/1/2022,4,0,0,1,2451,2372,201,880,675,15,65,12,55,34,3318,86,1421,546,652,1010,2301,1978,1173,159,20,3993,1386,267,3945,210,117,1360,536,39,474,67,38,45,127,14,25,45,12,19,440,1094,790,292,129,205,12,808,87,2,12,1754,4307,75,398,213,5997,1316
7/1/2022,3,0,1,0,2696,2372,224,803,683,20,70,4,54,59,3406,95,1519,564,617,991,2320,1803,1155,147,20,3986,1387,285,3740,231,92,1332,553,76,499,78,51,43,133,18,40,44,5,15,447,971,812,276,118,213,4,869,76,3,10,1756,4460,78,453,289,5125,1192
8/1/2022,4,1,0,0,2886,2675,248,815,755,23,87,13,59,143,3686,111,1585,681,695,1146,2320,2091,1216,140,22,4105,1475,288,4071,203,109,1375,562,28,612,180,29,73,236,7,46,60,5,11,518,1160,920,282,129,221,8,737,90,6,12,1949,4491,70,450,256,5656,1162
9/1/2022,3,1,0,5,2800,2514,201,774,664,14,92,8,72,125,3543,130,1500,641,649,913,2107,2010,1168,154,20,4125,1447,251,4003,216,89,1301,506,40,487,103,20,42,77,18,25,41,4,9,493,1062,872,284,132,208,11,925,94,3,12,1722,4117,63,462,215,5414,1091
10/1/2022,1,1,0,2,2926,2874,260,786,666,16,108,11,68,128,3821,126,1681,634,637,1109,2349,1820,1329,173,23,4129,1522,280,4311,244,90,1258,489,130,550,128,19,42,92,22,24,57,8,15,518,1148,1032,332,148,215,7,1007,100,5,10,1980,4392,89,469,208,5513,1215
11/1/2022,2,0,0,0,2932,2958,246,897,767,12,91,11,80,128,3937,145,1646,660,644,1059,2174,2212,1364,161,24,4171,1677,297,4097,202,83,1221,471,87,503,105,14,32,314,16,32,49,4,16,455,1225,984,294,111,245,18,959,122,5,10,1881,4192,72,467,208,4228,1243
12/1/2022,10,1,0,1,3184,2829,263,726,664,18,96,6,62,152,3749,140,1520,626,871,1043,2134,2474,1410,209,20,3786,1684,359,4270,328,117,1439,590,157,606,169,52,42,143,27,44,60,7,13,496,1148,990,351,141,268,10,946,91,1,10,2064,5002,75,544,187,5783,1461
1/1/2023,5,1,0,0,3207,2635,256,721,591,19,80,13,60,196,3875,140,1712,804,711,1243,2510,2270,1429,207,28,4009,1871,348,4643,212,112,1410,582,157,521,68,16,45,91,12,35,82,2,15,517,1138,1042,282,138,270,15,714,62,2,18,2199,4585,61,534,210,6825,1585
2/1/2023,3,0,0,1,3040,2899,210,849,723,24,80,7,70,160,3989,142,1520,638,629,1100,2351,2079,1215,177,25,3810,1508,352,3853,174,78,1109,449,161,494,69,11,25,48,11,28,72,3,9,439,1148,979,289,107,210,17,553,72,1,18,1928,4335,64,428,215,6103,1292
3/1/2023,4,0,0,0,3186,3269,210,988,866,14,112,8,61,146,4352,156,1691,663,676,1269,2543,2323,1397,185,26,4440,1716,376,4334,201,87,1225,588,95,507,101,9,44,353,14,31,103,5,11,456,1239,1081,277,106,247,4,584,123,3,14,2213,4635,68,476,194,6633,1206
4/1/2023,5,1,0,0,2701,2522,230,492,496,24,102,9,53,145,3413,126,1641,783,634,1109,2472,2041,1127,164,28,3587,1660,273,3896,158,114,1232,512,90,539,69,13,50,251,11,47,52,4,13,447,1016,994,299,99,208,11,770,70,0,5,1848,4353,67,451,200,6441,1043
5/1/2023,6,2,0,1,2618,2664,192,629,535,22,83,12,62,167,3735,124,1545,665,635,1080,2441,2153,1284,171,16,3822,1598,296,3712,190,93,1345,538,86,480,124,43,44,64,29,48,35,4,15,472,1234,985,246,102,251,7,476,92,2,8,1871,4453,84,405,243,7148,1119
6/1/2023,8,0,0,1,2830,2660,185,660,520,29,80,7,62,165,3656,137,1564,716,629,1162,2458,2309,1266,186,17,3824,1595,384,3805,180,108,1189,552,31,502,88,12,45,116,21,40,32,7,19,448,961,990,266,86,200,2,560,130,1,10,1949,4424,75,400,201,7023,983
7/1/2023,6,3,0,1,2923,2539,196,791,541,27,97,9,60,197,3674,133,1610,710,648,1205,2314,2365,1277,165,28,4036,1612,445,3954,160,91,1280,544,65,471,56,46,38,151,13,28,28,3,4,445,1089,1016,227,86,231,3,518,101,0,7,1937,4120,73,393,200,5645,903
8/1/2023,5,1,0,1,3005,3048,205,892,724,17,98,9,51,178,4098,128,1882,741,680,1268,2487,2682,1433,174,22,4069,1771,408,4110,179,99,1301,590,71,504,86,29,55,121,23,32,28,9,6,456,1274,1053,266,80,232,2,576,114,2,13,2128,4340,53,432,193,6159,965
9/1/2023,3,3,0,0,2910,2880,205,866,733,28,103,8,68,145,3749,127,1790,672,647,1235,2439,2401,1270,169,24,3900,1689,545,4209,201,91,1250,539,115,470,95,22,47,96,23,33,29,9,10,514,1381,1043,260,91,246,1,491,121,2,10,2002,4304,53,406,168,6268,973
10/1/2023,7,0,0,3,3034,2998,213,881,719,21,96,10,56,128,4006,142,1761,777,579,1303,2739,2135,1402,161,12,4019,1800,481,4398,164,85,999,467,82,403,71,9,31,68,15,20,48,8,5,394,1205,1014,253,72,215,1,733,133,2,17,1985,4421,85,421,184,4488,1009
11/1/2023,4,2,0,0,3089,2967,207,942,789,21,89,7,43,114,3888,142,1636,721,649,1180,2254,2105,1374,192,9,3729,1713,305,4099,176,86,1044,528,99,463,61,16,31,140,21,30,61,5,7,433,1176,1003,213,79,212,1,576,99,6,11,2135,4382,89,395,211,5002,937
12/1/2023,0,1,1,0,3529,3076,243,745,693,23,92,6,58,113,3855,138,1621,725,718,1129,2021,2382,1419,196,18,3566,1666,360,4286,261,114,1260,606,104,493,103,18,39,67,21,28,76,2,11,473,1118,1021,315,91,270,7,646,78,2,18,2168,4718,59,551,159,5586,1188